-- MySQL dump 10.13  Distrib 8.0.36, for Win64 (x86_64)
--
-- Host: 127.0.0.1    Database: customermanagementsystem
-- ------------------------------------------------------
-- Server version	8.0.36

/*!40101 SET @OLD_CHARACTER_SET_CLIENT=@@CHARACTER_SET_CLIENT */;
/*!40101 SET @OLD_CHARACTER_SET_RESULTS=@@CHARACTER_SET_RESULTS */;
/*!40101 SET @OLD_COLLATION_CONNECTION=@@COLLATION_CONNECTION */;
/*!50503 SET NAMES utf8 */;
/*!40103 SET @OLD_TIME_ZONE=@@TIME_ZONE */;
/*!40103 SET TIME_ZONE='+00:00' */;
/*!40014 SET @OLD_UNIQUE_CHECKS=@@UNIQUE_CHECKS, UNIQUE_CHECKS=0 */;
/*!40014 SET @OLD_FOREIGN_KEY_CHECKS=@@FOREIGN_KEY_CHECKS, FOREIGN_KEY_CHECKS=0 */;
/*!40101 SET @OLD_SQL_MODE=@@SQL_MODE, SQL_MODE='NO_AUTO_VALUE_ON_ZERO' */;
/*!40111 SET @OLD_SQL_NOTES=@@SQL_NOTES, SQL_NOTES=0 */;

--
-- Table structure for table `internal_messages`
--

DROP TABLE IF EXISTS `internal_messages`;
/*!40101 SET @saved_cs_client     = @@character_set_client */;
/*!50503 SET character_set_client = utf8mb4 */;
CREATE TABLE `internal_messages` (
  `Message_ID` int NOT NULL AUTO_INCREMENT,
  `Msg_From_Person_ID` int DEFAULT NULL,
  `Msg_To_Person_ID` int DEFAULT NULL,
  `Date_Message_Sent` datetime NOT NULL,
  `Message_Subject` varchar(255) DEFAULT NULL,
  `Message_Text` text,
  PRIMARY KEY (`Message_ID`),
  KEY `Msg_From_Person_ID` (`Msg_From_Person_ID`),
  KEY `Msg_To_Person_ID` (`Msg_To_Person_ID`),
  CONSTRAINT `internal_messages_ibfk_1` FOREIGN KEY (`Msg_From_Person_ID`) REFERENCES `people` (`Person_ID`),
  CONSTRAINT `internal_messages_ibfk_2` FOREIGN KEY (`Msg_To_Person_ID`) REFERENCES `people` (`Person_ID`)
) ENGINE=InnoDB AUTO_INCREMENT=52 DEFAULT CHARSET=utf8mb4 COLLATE=utf8mb4_0900_ai_ci;
/*!40101 SET character_set_client = @saved_cs_client */;

--
-- Dumping data for table `internal_messages`
--

LOCK TABLES `internal_messages` WRITE;
/*!40000 ALTER TABLE `internal_messages` DISABLE KEYS */;
INSERT INTO `internal_messages` VALUES (1,108,24,'2024-10-15 00:00:00','Lead unit trade push participant student.','Cultural decade relate series I again key. Allow fire less data.\nAmount tell mind tonight. Detail usually charge cost impact.\nMachine usually cut modern gas page later. Onto above operation where kind.\nNeed see discussion issue. Show area indeed beyond past parent. Tonight card sign together natural represent develop.\nProve lot end similar. Pm have break everybody. Half happy range conference.'),(2,1,86,'2024-11-17 00:00:00','Four notice item beautiful scene.','Second mother century field fire. Catch relationship position election. Kind enough Mr wear information decision easy.\nIn sense task ever spring senior. Maybe would listen clear. Every may treat my step.\nPlayer whose plan easy our shake physical. Without during music debate guess.\nA put paper area investment. Prepare rate admit culture coach.\nIndividual really develop cell call never what.\nMind just and executive. Teach threat boy argue. Live job officer example keep.'),(3,51,19,'2024-09-09 00:00:00','Finish chance rule help its view.','Clearly traditional single during while right leg smile. Dinner campaign couple decision ready. On away risk level remain.\nSea form open bad father ready. Boy whom back four ago show.\nHard want news teach forget enter. Name matter affect open black five recognize. Possible wrong different consider.\nMatter film answer usually treatment. Where though support rather music plan. Choose cover while. Among grow risk understand front.'),(4,143,3,'2024-03-22 00:00:00','Structure team can ahead whom.','Wind who we wide stand.\nWindow agreement of his choose wear simple. Seven authority letter medical everybody hard traditional.\nPast more firm gas loss. Energy attention fight else collection research and. Entire many lose.\nIndustry likely perform traditional. Herself protect follow research floor no.\nWindow magazine risk financial but suddenly. Family until learn they bit. Network local less whom. One hand plan investment push.'),(5,174,68,'2024-11-25 00:00:00','Me health speak mean.','Everything operation hotel exactly. Throughout end hope indicate.\nForget education within city art budget usually sing. Yourself age bring spring game food unit. Process long scene behind marriage.\nAsk TV risk on bad. Hospital force small lawyer second approach. Walk many spend despite final keep poor.\nCarry health wide raise. Fire black conference discover trade. News bill community what condition star behind.'),(6,104,173,'2024-12-11 00:00:00','Understand quickly benefit often water.','Respond cut control minute leave yard professional. To job reason play second style property.\nWhich focus population way most stop. Degree town fast sister economic federal realize.\nHit discussion law choice behavior. Husband art present street among themselves century be.\nAhead whatever debate cup sometimes recently fund. Operation article under.\nBig woman happen. Deal pressure rather nearly.\nDevelop official music agree point hope.'),(7,50,15,'2024-06-27 00:00:00','Focus traditional high race yet character.','Matter a picture pressure lose meeting. Congress home indicate represent society do month southern. Wide yeah prove worker still example above.\nTime involve strong. Large open analysis alone work energy far. Team mean cover across wonder three.\nBest require know child keep. Position debate wall huge some. Nature modern phone painting.\nMoney threat authority. Whose debate approach voice popular color grow.'),(8,110,151,'2024-05-26 00:00:00','Allow technology stage.','Pick view dinner bed resource hair. Theory article amount. Stock another rise evidence.\nSend reveal rest section travel window. Sister newspaper radio.\nEither away lose meet simple. Modern morning note person attorney.\nClaim most staff black. Call offer common.\nSituation generation travel usually. Race black very establish address. Doctor seem happy themselves approach model.\nFeeling human fight civil article onto. Try manage account head several. Three that environmental challenge dark.'),(9,69,71,'2024-05-27 00:00:00','Fight design happy because around similar they.','Fund training view wife. Behavior represent second during.\nEver trouble less character right. Since check field agent recently though.\nOwn environmental care. Small enough pay shake magazine.\nCost employee church now enjoy compare. Shake project travel particular child pass will model.\nExample goal growth. Effort produce society offer change. Including glass run direction travel.\nRange what use day arm. Hot language series bad. Task light Democrat character throw page decade.'),(10,15,16,'2024-05-17 00:00:00','Strategy stock understand attorney.','Mind trouble general yet production purpose young. Dream start anyone doctor beyond base. His whether put trouble question.\nApply make child leader seven security treatment. Still head note staff. High leg pull still.\nTo chair hope under risk finish number write. Appear easy later. Color affect hospital race however.\nFoot artist act any those store. Notice dream data education TV forward. Market page instead short source.\nOwn former once arm day. Moment crime be wide condition too.'),(11,107,167,'2024-01-10 00:00:00','Company important look fish.','Pressure machine year turn computer range color. Especially begin PM white too attack. Kitchen indeed court sell soon catch.\nActivity control economy. Sell despite activity read commercial.\nYet compare a property drop. Evening evening million paper minute few. Just say individual room far.\nPartner medical surface impact candidate arm.\nBillion born campaign time discuss ten. Opportunity or soon world risk.'),(12,17,44,'2024-10-15 00:00:00','Soldier within resource.','Look degree serve who include several per. Forget trip sing radio design think. Others stay check relationship receive likely some ability. Side born fly draw risk than.\nSuggest my executive career move meet such. Home move when college less near. Glass road respond among contain understand help.\nAway agent anything kind industry almost. Throw indeed maintain bit think.\nArt responsibility stuff. Everyone adult mission western election maybe. National spring surface although.'),(13,106,150,'2024-04-19 00:00:00','Describe value TV international majority quality stuff.','Sing get record major. Remain work usually.\nState different country behind. Try energy meeting clear line provide capital son. Many seat relationship ask customer world music work. Short billion watch daughter.\nInstead challenge professional question teach budget level lawyer. Movie truth test like six morning report. Product history purpose century focus. Student strong eight join.'),(14,17,153,'2024-06-11 00:00:00','Will firm hard everybody human mean role.','Community common very admit really every space.\nStudy nature town when. Performance happy type end international reduce.\nEvery approach entire truth. Institution catch most whole.\nWill paper father throughout too. Feeling development part including also study seek. Treatment them base claim.\nAction police use attorney. Authority your every take. Party once trouble wrong.\nNumber my nothing. Her administration movement senior lead administration discuss.'),(15,39,147,'2024-11-17 00:00:00','Human couple goal peace whose few.','Name president whose into son back. From rate politics look speak. Effort toward window soldier group lose far.\nAdult north education will shoulder.\nWhat style use within building. Voice along at religious international. True sport skill blood chair information item study.\nRespond wind cover industry draw.\nTechnology firm own production. Benefit exist by social rule arrive professor.\nLine artist blue bring finally imagine laugh. Truth fire sort item. Drug writer on team baby.'),(16,39,2,'2024-10-21 00:00:00','Growth minute sister beat day.','Almost organization and never country agency morning. Hear during shake stage cover. Stay then family civil develop.\nParty yeah send floor concern. Executive onto contain kid serious threat investment. She identify big score everyone.\nBreak newspaper upon action wonder. Statement color support cause win take bar.\nManager why money local. Capital later probably economic spring. Moment force send project believe tell age.\nEye support apply push three over. Material size there.'),(17,21,93,'2024-05-17 00:00:00','Shake street moment day ask machine pull take.','Draw page strong challenge cell. Heavy hold yeah skill serious media. Theory lot very responsibility daughter simple recognize. Cup develop drop professional your.\nFill report without author. Pm policy major history international drive rather. Opportunity amount act war. Lay road training why professor travel.\nBaby hit pass protect. Pass key teacher travel.\nRate court pressure benefit resource. Trouble president chair training prove. Memory fire stay blue.'),(18,2,45,'2024-07-04 00:00:00','Stand lot resource author hundred experience.','Rule ground positive consider assume adult image themselves.\nPosition guy window method. Us cell fine store quite conference magazine.\nThen south himself store trial find. Carry age difficult.\nNetwork amount attorney old. Civil challenge politics grow hold ok reveal others. Chair speech nature accept church.\nMrs over option create. Book cup reach company. Could already against able attorney perform.'),(19,30,59,'2024-03-09 00:00:00','Quality take sort.','Parent work over number second town. Reveal west soon modern age bit. It let describe election agent concern.\nOutside travel bed trade firm. Court certain state traditional detail.\nParticipant occur might. Surface speech reveal certain history force ever. Talk most religious chance wait wear entire.\nOne sea per personal peace home interesting police. Police heavy north necessary short.\nGame race leg after serve arrive along. Year party which nation.'),(20,55,42,'2024-03-23 00:00:00','About economic much apply red.','Power describe hit popular. How push unit option get mind paper.\nRule article return stage four provide. Article pretty box total. Drug company necessary most medical better imagine.\nCar animal rate future. Far win law help organization. Challenge environment national near.\nLight provide system notice theory church throughout. All write successful international.\nResult military trial grow paper imagine material. Level usually approach several. Imagine finish myself consumer.'),(21,64,50,'2024-05-19 00:00:00','Special run fly.','Policy month public thus. Against far understand whatever attorney.\nPrepare paper race we kind. General social style. Crime their you quite agreement.\nOffer work happy stock blood cause degree.\nExample fight your life. Agree catch guess. Wear well man quality budget professional.\nOrganization night material. Full middle very. Student goal fight catch among those moment.'),(22,136,99,'2024-03-29 00:00:00','Change role plan character suggest sure.','When including lot nature line article might. Million bar standard over staff memory operation. Church generation sit above security.\nOut part others. Physical couple case fly take late market issue. Million process bag figure marriage message list.\nScore though suggest huge still family until. Fact fight foot after. Minute where remain total central challenge trip.\nOrder sort city everybody she American summer. Election free remain huge program often.\nA total benefit finally.'),(23,135,157,'2024-01-13 00:00:00','Very official increase item civil especially.','Huge send minute century. Never personal notice remember. They save beautiful structure glass.\nBag family country your heart whatever beautiful. Own seat customer quickly beautiful. Fact beat friend push.\nAccording relationship both run. When sound fear strong environment adult. Commercial why your view tough range follow.\nAmerican beat feel war avoid describe answer memory. According often discuss rather again.\nYour just herself eight. Last option next strategy opportunity effect.'),(24,25,171,'2024-05-17 00:00:00','Husband respond industry reason car ask foot.','Where specific peace across continue while something certain. Seem section around guess can. Side beautiful movie clear owner.\nPolitical serious they test avoid. Many your television ready good. Represent military interest they evidence throw whole.\nVote enjoy big determine food. Down production eight few set herself however.\nDrive including look ability party many. Technology over dinner method film practice. Attention begin half approach old week.\nCompare and most PM sign.'),(25,60,91,'2024-05-23 00:00:00','Wide instead magazine organization camera air out yard.','Know our firm much party stuff food prevent. During claim reveal. Individual do floor chair effect impact.\nWhom Mr enjoy new especially much. Agree decision will scene.\nNote father tell cover safe there prepare.\nIncluding position firm can. Less stay impact difficult any wait.\nWide role capital family. Artist former prevent down camera.\nRate Mr situation federal result hospital my agency. Participant true thank large skill serious maintain law.\nTend true painting.'),(26,114,108,'2024-06-05 00:00:00','Another may nation bag fine.','Affect along old focus smile. Whether receive start player specific. Fast direction various follow race too art.\nProperty serious expect understand campaign detail white. Newspaper those onto voice focus generation clear. Concern administration institution interesting almost marriage black.\nProject decide seek most score difference. Trip position machine avoid agreement kitchen one. Stock bill alone such. Expert somebody pay coach field candidate first.'),(27,117,1,'2024-06-01 00:00:00','Easy care half capital store issue beautiful.','Ground do room list. Environmental director develop new. Available center also already tax know.\nCase perhaps number. Section kitchen myself picture evening space. Black sit tend once door go animal.\nWorry wide want hospital hour fire expert. Behind trouble high.\nBy protect southern knowledge million. Woman go air room air. Single generation wear chair fund. Word place dream dog industry matter.\nDifferent movie art help find major. Remain away which great adult be really. Lead site movie risk.'),(28,102,118,'2024-05-29 00:00:00','Since wear avoid issue no medical successful home.','Blue tell arm rate. Chair whose own huge still nothing. Significant agree unit serious.\nMagazine why piece buy consumer approach consumer. Food usually good chance learn black anyone.\nLand authority old truth goal. He large husband or.\nGuy politics expert out. Cover effort appear respond.\nMillion future even leave collection deep. Use political old. Hold seat themselves live. Base friend lose animal to fire try.'),(29,25,163,'2024-06-15 00:00:00','Region wait not.','Interesting service class again official data and start. Station similar particularly investment way. Coach decade decade early deal born establish.\nTrip house figure reveal police. Onto ahead budget try. Offer skin seek knowledge seven best enjoy. Example work customer reality.\nAvailable trade protect of choose run. Medical shoulder southern animal moment hope less. Decide allow event thank. While health couple.'),(30,125,1,'2024-05-15 00:00:00','Describe across determine firm another score hotel.','Month stock boy possible hot finish article produce. Check wonder game onto. Population machine explain car.\nLanguage instead nothing nature medical he. Form as project. Themselves week form heart.\nWhich forward phone. Game Congress such get. Boy understand leader.\nRest help opportunity bar cold. To rise agree get eat decision ago. Me here low theory yet far sport cell.\nHow weight themselves daughter decision daughter effect movie. Girl hard outside game black build enjoy lead.'),(31,116,91,'2024-01-03 00:00:00','Look marriage live involve.','Now past answer who race. Thought reveal against much mind reality weight southern.\nCell bank almost mean. Resource sport bit cover small little. Certain American explain goal game.\nHusband nation free work couple local now. Think particularly detail.\nTwo few that mention financial. Also prepare wind media too grow form.\nBlack girl remember goal fund step.'),(32,45,142,'2024-03-02 00:00:00','Feeling during they phone artist.','Much open in visit finally society story. Eye spring drive.\nCamera Republican include surface end. Husband business marriage doctor amount set. Parent want very behavior.\nEver world hair onto majority rate task. Series add close daughter section crime itself. Believe significant administration have network.\nThus girl work common. Rest you whose affect often good six father.\nRule city training nothing represent family. Least above key Mr identify sometimes college.'),(33,77,84,'2024-01-27 00:00:00','It majority everything carry possible.','Analysis low establish. Network born Democrat business else often.\nForm back full catch. Morning card important show current fact man news. Size can himself office right.\nDifficult study list member. Yes however leader account get. Company employee analysis born he action seven.\nCare sing produce like style particular for. Ahead ask can also activity. Sign card include class threat season.'),(34,1,141,'2024-03-22 00:00:00','One idea near.','Right win example hard. We car although name budget. Significant new word various not.\nYard according become peace sound speak yes fly. Summer evidence life.\nSend worker she somebody country candidate. Suggest ready surface have newspaper now send scientist.\nLaugh measure soldier cold side talk. Authority second run economic form person debate. Data last knowledge necessary doctor heart best.\nEducation population market. Ability summer require we dream.'),(35,50,99,'2024-03-08 00:00:00','Weight nor population deal might you.','Mouth become exactly. Investment actually prove grow have. Service town hundred issue.\nServe three bit indeed learn natural parent. Know letter do push control my.\nRate player official discover news might to.\nAgain section bed education general age. Degree use painting tax who man.\nSafe back reduce visit key understand pretty allow. Stage return change nation floor assume cut. Marriage position usually include when age.'),(36,91,16,'2024-10-24 00:00:00','Everything support meet reveal reality animal program.','Local help recognize cost industry away. Three discussion have piece price.\nDirection detail consumer country investment amount.\nRace land spring entire suffer. Change could that black threat face.\nSafe machine test course commercial capital. Safe social affect here training remember service. Teach range management box management.\nOut available democratic blue house these week ten. Woman meet win fight push. Listen nature attorney remember professor.'),(37,28,2,'2024-09-13 00:00:00','Left simply produce risk.','Standard agency sense finally. Discuss number middle. Under industry general forward. Subject city also west in.\nGirl remember deep area safe then. Analysis task suffer. Rock do produce response learn music painting trial.\nTreat whose firm hope none toward section. Money democratic actually pressure tough everyone officer.\nLocal measure second bed animal. Evidence that fly message her really claim ahead.'),(38,137,50,'2024-03-23 00:00:00','Across face me line administration toward.','Alone interesting pressure wife. Child heart behavior series husband. So property structure.\nJob region matter generation information. Tonight successful here wall language cause beat.\nPast pick look summer garden top never. Them similar pay the miss. Good attorney black middle director suddenly.\nAsk see president whatever Mr star education crime. Benefit film key or western sometimes against.\nPublic visit much know none head. Professional include marriage sense production style.'),(39,81,169,'2024-04-07 00:00:00','Have exist affect television available.','Until general nice sure. Usually mention make citizen rate late response.\nEveryone catch pass seek nation couple run.\nCould action determine add make attorney something war. Central hour long safe idea. Total lead language foreign skin.\nKey attack board information skill. Field conference its avoid lead.\nCause many show notice could well. Hope teacher her evening allow challenge base.\nClaim happy age nor summer budget born. Step instead probably green why land student.'),(40,99,34,'2024-05-15 00:00:00','Late baby remain Republican hear clear.','Country near future perform science. Just role process form be represent. Age receive modern himself rock.\nEnough adult last factor. Role hour tend.\nEspecially would poor game sound wall education. Others really position participant painting medical imagine. Day environmental door continue.\nPopular gun machine. Factor over generation.\nFinish follow right. Whatever space end air best most. Inside too executive bag.'),(41,174,164,'2024-03-14 00:00:00','Coach three visit in.','Crime position day down. Save garden wide trip protect. Wish cause again throughout hair current.\nAdmit month trip kitchen there ready phone. Tax democratic by particular. Once travel institution two.\nHere challenge full individual speak its product. Final peace majority course behavior agency laugh.\nThousand act sense style. Rule include new side near blood. Field pull speech recognize. Because in enjoy wind investment.\nSell number artist could. Clear recently effect today.'),(42,109,175,'2024-03-08 00:00:00','Myself once current property member turn since writer.','Own accept able score yourself fire. Which mention fight sign.\nLast rise second cut specific. View must than nation act bring commercial national.\nTraditional name tough standard evidence. Land fear religious serve. Beautiful wear company. Central also space memory.\nAlthough party debate. Hotel late sit hair. Language check if put radio see law Congress.\nSome play win new. Subject we put night century debate military.'),(43,69,140,'2024-01-15 00:00:00','Remain question business list budget garden.','Seem offer heart fear nearly information. Hot follow long assume rise.\nLot child pretty region morning traditional. Save friend north pretty thousand. Bill writer watch travel necessary.\nSecurity week how.\nTrip war only must system hand. In investment the huge thus young election.\nAbout apply outside notice thought start. Word garden research security state million full. World rather give.\nIdea near parent worker ball. Bring yourself approach protect open all thought face.'),(44,65,48,'2024-09-18 00:00:00','That yes read ready he leg.','Soon stuff direction investment small condition final. Trip skin environmental production than.\nDecade despite body possible do hard certain. Whom begin approach through. Just opportunity medical at task civil minute.\nSeries north organization suddenly no. Month responsibility adult determine couple laugh their.\nPage item deep newspaper away. Thought rise check because source something language open.'),(45,27,130,'2024-04-11 00:00:00','Room owner different year rest difficult.','Arm civil arm analysis factor probably. Father help baby.\nSeven necessary inside cultural worry woman guy. Charge chair mouth see. Task summer successful energy pressure by.\nAlready how decision action.\nEveryone event fill. Pressure side off sound kind decide now. Suffer goal team product sit such hope.\nLead use risk skin short talk suggest blood. And claim big surface really be practice. Turn trip set clear seven. Position second mother actually seven analysis.'),(46,138,77,'2024-10-28 00:00:00','Security likely mission site address produce financial.','Whatever sound teacher free prepare. Collection behind somebody day TV candidate it.\nWhich commercial young pressure say road. Dream play general tax recently eat three purpose.\nTreat throw difference spend firm. Feeling option city.\nAbout eye six visit recent letter. Simple hundred short prepare bring process future just.\nPlayer sister want husband his. Indicate agent lose political prevent. Read brother movie edge area somebody.'),(47,83,146,'2024-12-03 00:00:00','Test own hold reveal raise option.','Young sea bill join approach act.\nAttorney performance everyone doctor. Program behavior also world section.\nTreat race ground investment baby else south. Increase under easy authority.\nArgue become board up but clear. Simply individual suddenly senior live.\nSign wait where people result safe job may. Chair world safe significant herself yourself purpose.\nPoint stuff pull say save. Bill trial Republican probably policy. Along manager skill.'),(48,18,91,'2024-11-11 00:00:00','Dinner great allow store stay.','Nothing model set no tend throw. Power week state off gas smile. West join wait beat design Democrat me kid.\nHistory source fill in low nature generation. Whatever social pressure natural.\nTwo direction clearly case leave morning. Everybody network throughout song. Several machine into forward also yet watch.\nWait blue billion effect piece. Major together color economic own include.\nPicture approach sure maintain. Charge art market financial me.'),(49,109,154,'2024-03-28 00:00:00','Activity food might kid effort product.','In fly offer order notice. Animal despite mouth fund plant. Provide create meeting building myself sign. Money arm against education apply rule key.\nOver another focus wrong stuff. Arrive final not beautiful natural design prove. Good eat sound much wrong. Unit Mrs bed strategy morning network.\nRock central here offer me man. Late rest big good price phone majority rise.\nParent stock sing general public staff room. Almost house base city anyone exist expect. Popular degree language at world.'),(50,165,103,'2024-12-12 00:00:00','Already charge job two crime imagine rise professional.','Deep officer sea wear. Guess from two budget. Industry let power still run.\nCultural require seat modern range. Reality father play win. Tv list lay attorney.\nCell product until often. Area understand artist mother once. Good investment fear reveal than newspaper. Officer behind shake every to.\nYard from trial once matter so. Particular sort generation pretty serious office. Type society yes car.\nBudget clearly live fear. Camera animal scientist matter.'),(51,1,2,'2024-12-01 15:30:00','Project Update','Please provide the latest update on the project.');
/*!40000 ALTER TABLE `internal_messages` ENABLE KEYS */;
UNLOCK TABLES;

--
-- Table structure for table `monthly_reports`
--

DROP TABLE IF EXISTS `monthly_reports`;
/*!40101 SET @saved_cs_client     = @@character_set_client */;
/*!50503 SET character_set_client = utf8mb4 */;
CREATE TABLE `monthly_reports` (
  `Report_ID` int NOT NULL AUTO_INCREMENT,
  `Person_ID` int DEFAULT NULL,
  `Date_Report_Sent` datetime NOT NULL,
  `Report_Text` text,
  PRIMARY KEY (`Report_ID`),
  KEY `Person_ID` (`Person_ID`),
  CONSTRAINT `monthly_reports_ibfk_1` FOREIGN KEY (`Person_ID`) REFERENCES `people` (`Person_ID`)
) ENGINE=InnoDB AUTO_INCREMENT=102 DEFAULT CHARSET=utf8mb4 COLLATE=utf8mb4_0900_ai_ci;
/*!40101 SET character_set_client = @saved_cs_client */;

--
-- Dumping data for table `monthly_reports`
--

LOCK TABLES `monthly_reports` WRITE;
/*!40000 ALTER TABLE `monthly_reports` DISABLE KEYS */;
INSERT INTO `monthly_reports` VALUES (1,92,'2024-09-02 00:00:00','Generation important guess western enough national. Grow miss just close pressure.\nMention heart because. Say see explain me true. Writer poor page condition state although lot.\nPm avoid possible television knowledge trial. Teacher fly even age. Others ahead class dark land hotel government subject.\nTechnology Republican director also feel. Support light bank stuff where.\nCover law nothing minute turn. Particularly pressure step old even top least.'),(2,133,'2024-05-13 00:00:00','In finish top. Today left happy power recently own single. Rich fact bill wall billion including.\nSmile similar American look event. Use concern edge despite ok. Reflect see because.\nParty name figure charge other idea. Arm moment far number show news data authority. Everything consumer reality size hit.\nOwn Democrat argue form court effect. Picture live yard adult human. Resource then case choice cultural hot.'),(3,172,'2024-06-22 00:00:00','Out agreement trip city cost view. Color work him daughter certainly million. High politics benefit manager.\nTheory image enjoy do contain important real long. Yeah institution PM man town maybe.\nConcern hot dog research. Operation these imagine ok. Consumer strategy weight into particular hear price.\nEffect most sure environment ball. Until cover appear training wall back century. Us build maybe those hand expect draw. Deal protect enjoy democratic bank some enough.'),(4,17,'2024-04-27 00:00:00','Cultural consider old learn. Join front entire traditional raise. Perform approach work laugh each letter leg.\nNumber them teacher anything think. Often bit official administration employee sense.\nLife time new. Hotel week either usually student continue.\nWho card bring so. Federal former officer majority song.\nDrop eye amount. Might office girl player Democrat exactly game.\nThan still save worker. And debate relationship age. National theory community.'),(5,10,'2024-09-14 00:00:00','Set sing include certain near past program establish. Protect story everyone score decision.\nSide price religious seek itself positive. Whether article sense free. Character simple official call compare enter.\nNatural team unit and time camera food. Bit side maybe effort. If kitchen few grow federal.\nAcross statement them inside music product simple. Line light that it general.\nPlay admit body indicate never probably. No low on generation spend whom.'),(6,87,'2024-05-03 00:00:00','Market air I player charge open. Bit between door beautiful loss character.\nCase arm game none now start will there. Fund provide same. Owner treatment series your this herself cost.\nHimself foreign million the owner purpose. Debate soldier weight mean war.\nTruth serious themselves similar. Black yourself from.\nHappy box manage assume. Job less account other partner music. Tonight TV individual ready finally.'),(7,80,'2024-11-21 00:00:00','Street continue project it issue line. Continue rule people record. Hundred rule none walk.\nTogether standard that reach full condition. Pm challenge defense knowledge hour.\nLaw skin include. Alone song scene also. Seat week forget other crime expect civil.\nPeace sea after population. Perform possible huge suddenly.\nUse sing despite expert machine recent. Send traditional federal statement election onto push. Evidence war easy language cover nation.'),(8,158,'2024-07-26 00:00:00','Set close any treatment reach town organization. Keep cup exist interest among still.\nConference suddenly glass concern police series. Everyone six state hard cell organization. Around name agreement deep result nation military.\nTwo couple hold cause military pick outside. Late hotel every lay rich class.\nCultural which trial build. Light why your toward. Interview name show.'),(9,131,'2024-11-14 00:00:00','Base voice idea which. Hand note usually staff believe. Different much store skin. Street law miss personal wrong admit.\nAdmit open dream. Interest Mrs under staff. Daughter defense thank like.\nCountry than key seven sell. Arm go second build growth way. Suddenly develop size send buy chair range.'),(10,108,'2024-05-21 00:00:00','Budget add nature rise. Begin cost save stock girl.\nArrive pay bit lay campaign act determine opportunity. State huge draw school Mrs concern pattern. Center such wind whose carry instead fly.\nNearly they should Democrat yet.\nBudget account card American. Technology nearly skill because customer north. Poor contain officer entire my model show.\nWait spring side site far because fund charge. Because phone maintain. Trouble ok order dream. North cause increase set citizen me see.'),(11,68,'2024-08-24 00:00:00','Defense add above point admit building. Dog series off bar oil.\nNeed thus agreement news house ahead. Side though executive safe church simple teach. Account board condition term.\nBegin remain point point home. Already morning community off. Law action other reduce north.\nWithout whose particular popular increase simply book. Guy show who price home clearly care. Ago feeling network true want brother message.'),(12,154,'2024-04-16 00:00:00','Rest he fall candidate common this pay. North industry threat test scientist personal.\nColor career professional former strategy painting act. Lose father poor business sort important.\nCandidate glass operation grow job discover partner. Establish series enter middle special democratic pretty.\nCarry less join somebody. Safe far inside style should nice attack.'),(13,45,'2024-06-13 00:00:00','Material similar newspaper what whose customer. Piece fill hot long dinner how.\nDeal own drop whatever get artist police well. Professional him argue majority test information.\nMusic have cut what meet hot none. Statement citizen firm news.\nMind account administration reality baby cup system get. Morning election interest end choice reduce meet. Itself information economic about memory audience.\nSuch visit purpose world. Bill government assume upon.'),(14,111,'2024-07-28 00:00:00','Friend watch improve little more from everyone. Reflect name set heart wish.\nGet side professor despite edge wife radio teacher. Management cultural food whole. Card behind role eat stop present PM.\nSo month attack rich his although. We particularly court message alone.\nWant point suffer can end meet foreign. Food themselves treatment stand take fill population.\nFeel rest thus plant.'),(15,106,'2024-06-18 00:00:00','Late history budget middle approach about reduce. Political behavior rule simply pattern among.\nPush week on agent their avoid. Its say cultural.\nTest color task why. Fact central fast though fast group enough.\nRest teacher executive while society. Recent cause outside job have. Far artist southern group next soon really. Defense rather wear big environmental analysis.\nDaughter enough identify black decide finish race imagine.'),(16,80,'2024-06-05 00:00:00','Similar set read organization cold prepare time. Public world pull community pick fear.\nEnter learn town entire or high. However lose sister while write individual national test. Maybe boy another particularly. Address everything candidate.\nHair role just southern. Approach real less meeting adult.\nGo soldier value player any civil art. Water gun rock pretty effort president sometimes. Full hair both attorney whatever difference.'),(17,64,'2024-02-04 00:00:00','Back grow the industry also property. During low range ago gun analysis throughout. Option turn parent fly speech.\nCoach nearly nature add attorney strategy before. Tree low ability cause heart partner.\nRecognize environmental second long walk type vote. Maybe find single ability cold get. Mention compare will approach resource over. Cell market home direction sound then.\nFoot sound per drop throughout recognize. Trade Republican take trade west build choice.'),(18,87,'2024-08-09 00:00:00','Respond music person beyond affect decade art. Young make discover each nature house. Letter can two. Real share especially exactly opportunity others.\nSuccessful full person year page force. Adult step about way. Cultural drive to include.\nEither space maybe. Necessary appear fly. Into read owner hundred include. Employee attention whole with brother east.\nOur exist allow their over artist. Force organization bar education PM garden. Subject station identify professional hospital political.'),(19,14,'2024-05-14 00:00:00','Author hand again see air past. Though while daughter participant show. Return leg several both such around similar teacher.\nLoss factor exactly hand discuss big. Forward two century green. Test task suggest reflect concern believe. Defense whom economy power.\nUs side professional let provide smile under. Scientist in keep painting kitchen.\nNatural arm research administration organization nor. Show culture yes ever. Appear account debate include.'),(20,155,'2024-03-18 00:00:00','Commercial provide and agent husband. Into two white site citizen provide responsibility. Whom director particular right policy answer. Break speech space picture.\nCulture perform protect yard forget scientist lose. Little rather four skin up. Agreement cause improve somebody term business.\nMovie region share throw thank. Cut claim bring smile.\nWithout serve listen suddenly require especially help. Health fast growth different.'),(21,81,'2024-06-09 00:00:00','Girl visit line senior bag would. Information think feel. Year a at other fight social.\nCapital investment economic husband event long boy none. Purpose tree yet study lawyer.\nAuthor message establish respond. Campaign despite region different eye last continue.\nWith raise southern kitchen leg. Often sometimes institution more question glass. Sport including hospital win debate still sure necessary.\nSense expert main sea team fine music. Front free eight fight fear light.'),(22,131,'2024-04-01 00:00:00','Yourself start experience space. Sell wonder ever design simply try official.\nEye base seat water mouth sport wind. Involve matter visit probably order team.\nIts show give sense upon magazine. Act follow appear mind. Bill while because force. Inside century general never husband school.\nAdd guess raise teacher else development machine. Respond great event meeting big black whose.\nEvery pass still. Thousand themselves sport road.'),(23,2,'2024-06-15 00:00:00','Born bring the company Democrat none. Next according cost meeting visit imagine yes. List near main. Budget see baby itself another result technology.\nInteresting reason pressure. Person environment single price charge process. Begin seat fight western make manage.\nSummer fire social. Management if west very. Article better produce office lead on decide.\nAnything off here bit direction recognize economy. Assume move issue cost rise even describe. Big tend site over thing line.'),(24,129,'2024-12-09 00:00:00','Tonight identify view decade. Instead about white heavy all. City listen too similar evening.\nNature another thing war executive training list. Parent short toward before attack for job. Property key together here future ten part.\nStyle close brother particularly resource. Modern message medical customer. Determine than Mrs western.\nRest course even though according message stuff. Just floor during either imagine.'),(25,174,'2024-05-19 00:00:00','Subject wish summer collection. Fast must name people child worry lose.\nParty political under parent significant argue light. Hope various quality four ability.\nPrevent the political gun. Week second me early yet.\nSuccess sell arrive professor institution. Would lose laugh analysis.\nNight up capital trouble but student anything. Everybody buy appear task war building.\nMovie look include cold why forget stay. Significant protect act wait tonight they. Tree help sort how we.'),(26,155,'2024-11-19 00:00:00','Grow now machine upon born a similar. Tree imagine doctor and beyond. Interest story full stage. Mrs appear morning between notice young real.\nClaim paper six station face character. Whether past hope.\nEach he attack career. Set course attention born different between.\nNone money through war. Run blood property part then for. Lawyer health best remain sound five peace.\nCommunity herself simple indicate like. Force design later ask. Sit operation teach represent development.'),(27,40,'2024-11-02 00:00:00','Speech behavior computer factor lot standard mind. Relationship case either hit. City send campaign hope various.\nBetween choose mother skill crime big left. Radio experience concern whether mention data exactly. Family cost series win hard.\nMe son game after yeah. Prepare purpose guess bar claim term.\nHand single garden. Success design throw. Approach yes question community.\nEarly action line. Best bring appear series. Buy wait drive beautiful smile partner.'),(28,145,'2024-01-05 00:00:00','Area me design. Soon military mention then free reality different. Question continue interview after end rule.\nCulture accept care. Hit discuss course improve a exist news of.\nRather move effect hotel support final young. Listen seek hospital network.\nPower we ability relate. Area wait care another stock husband day. But grow spring.\nLine yard family then oil.\nDemocrat interest put because. Community president he policy.'),(29,169,'2024-06-10 00:00:00','Decide adult pay they sell. Miss firm own good. Task there subject million least during room. Door thousand picture she.\nPopulation middle at adult difficult.\nSource describe into generation. Involve candidate marriage organization public day.\nHere degree can stock rule. Election up medical sit. Indicate standard plan firm two energy. Like my attention husband image need.'),(30,116,'2024-05-29 00:00:00','Memory memory four man investment. Scene theory important less. Return share know especially fact protect collection.\nReceive behavior politics. Opportunity remember campaign public. Artist professional major. Including later herself building.\nDuring type sing crime pay easy anything whether. Lead single bank major per position. Doctor create challenge.'),(31,121,'2024-03-21 00:00:00','Whatever food take scientist firm family. Newspaper speak under very save unit.\nWhole issue network country must until central. President bed answer unit. Help land police person pull suggest meeting.\nPer cost direction good. Her shoulder near challenge his.\nModel step spring put arrive report. If you really. Stand development suddenly bad bad down paper.\nHim traditional alone view and line join. Although pick debate occur degree offer hit image. That factor conference.'),(32,107,'2024-10-24 00:00:00','Moment name democratic. Receive call response push give. Law family common red true lead. Environmental career material local.\nImagine hear chance deep pull never candidate. Leave both another hit worry. Administration boy chair whether trouble response may. Whatever energy road term employee brother economy land.\nPeace tree case late war allow. Practice president attention gun movie. Fast someone box maintain.'),(33,73,'2024-01-18 00:00:00','Everything open out meet employee. Trial believe focus including price everybody management.\nResearch return paper kind development edge few. Fill foot through hope activity loss mention ground. Life catch eat. Write history best environmental land respond stock develop.\nProcess although discover hand very. Human production seven family.\nShake behavior then democratic me environment. Stock discover probably term. However quite should owner. Customer this miss pretty five leave help.'),(34,85,'2024-08-08 00:00:00','Economic hair take training chance thus. Moment size minute act measure hotel. Image painting fire shake light might.\nAs none note owner. Check oil air morning authority start future. Minute garden nothing art development energy.\nDevelopment believe third. Late let yes able father.\nDespite often apply dog.\nKind model particularly hot inside left teach. Measure network though.\nBar toward world pressure let. Against book unit fight debate walk base.'),(35,10,'2024-09-28 00:00:00','Measure only set seat. Bar you me must over. Source believe still people new hard.\nNewspaper red short different election ok.\nLevel yes environment big both structure. Sort teach result test debate machine. Light pull sometimes. Least machine enough such all spend remain.\nPainting son choice charge compare. Agree former true turn.\nAsk add series entire. Provide go simple day. Owner add station ever week will. Another card experience beyond.\nUntil nature run authority return him staff buy.'),(36,94,'2024-04-05 00:00:00','Find society above president from heart. Front success word hot rock tax yet.\nOwn over education apply control kid.\nAgainst approach machine major couple site record. Wind against character though boy decide against. Seem stuff nice sign cut benefit.\nPoint impact suffer stock expert choice good out. Top four happy act item success tough. Everyone lawyer them describe.\nGuess shoulder treat seat.'),(37,58,'2024-07-20 00:00:00','Produce sense fear thus support message. Contain decide possible now church. Side vote explain buy.\nShare believe while risk pay lose leave. Doctor board everyone trial keep stuff. Else style at.\nSignificant do person whose fall side. Culture maintain shake oil ahead. Through through indicate him lawyer difficult when son.\nOut environmental head task fly when try. Summer past for other.'),(38,57,'2024-07-26 00:00:00','Story local information result offer environment various. Book fill heavy little expert customer. Pay scene despite effect.\nReally back through reality whatever team. Foreign oil dog fight property interview. Front child place member church.\nEntire sister protect. Street media kitchen hope. Heavy responsibility painting road start cold. View rather above listen.\nLikely thought citizen. Cup save that PM follow option American. Charge tend poor every top. Be turn some real land someone affect.'),(39,166,'2024-08-12 00:00:00','Else month decide I. Cause culture church. Daughter magazine enough usually common. Threat race newspaper financial think white job.\nReceive feeling else once. History relate agency.\nThought year get time nation fact. Popular impact thing society. Alone sell Democrat unit general create firm. Degree yet effort explain.\nTax hear dark. Quickly thing officer study.\nPattern short nothing cut artist more north. Group us forget former table type of.'),(40,164,'2024-04-28 00:00:00','Environmental computer seek. From raise guy continue approach society against. The on body fast.\nDog treat go machine financial huge partner else. Run plan onto no walk.\nMatter ability reveal land per. Another close have course live society raise.\nStrategy investment know offer employee. Fire purpose ago decision sure. Run although decision tax by second politics fast.'),(41,76,'2024-07-29 00:00:00','Check first including again compare especially discuss business. Environmental include health each present suggest. Bank party it claim money per. Thought ground bar discussion thing customer arrive.\nWant wide fall white. The present too many these. Information do huge maybe glass while great.\nTraditional amount college candidate step. Yeah agency well true physical economic. Kind institution character explain particular even.'),(42,133,'2024-01-04 00:00:00','Paper drive magazine.\nAppear thousand because fire certain coach ok history.\nAttack recently safe north north really better. Look change impact rest clearly quality how. Current child yes people hold task.\nWhite party than bank car. Baby shake probably might.\nGrow civil force perform. Bill manage prevent might her represent for.\nWoman executive newspaper through.\nAbove consumer within the.\nEspecially wide fact evening crime others. Policy animal few street force.'),(43,79,'2024-09-06 00:00:00','Federal let system record own. Century talk too environmental stay door peace. Cause tell foreign. Reveal present often worker hear position identify thank.\nIdentify upon certainly hard style front. Plant local commercial certainly news. Continue today his begin game on.\nAmong point event nearly test. Box anything contain beat. For position pass feel grow event.\nFinancial body better tonight visit. Back possible western child important.'),(44,131,'2024-10-07 00:00:00','Job street worker make. Others while role bill between fill.\nThose worker someone travel. Arm south behavior your weight.\nAnalysis read support attack. Example writer little year mean. Live head hand enough.\nLeave watch send might office man. Morning edge prove raise year together. Rock laugh large certainly plan.\nDown society wrong color.\nCommercial environment describe since. Society often word ball idea point method attack.'),(45,111,'2024-01-10 00:00:00','Sound feeling president eight event prepare interesting. Owner owner spring real. Sometimes little prevent together professional discuss through moment.\nOwner weight direction attack more reason society. Blood tax way natural throughout interest these. Year soon sound news series.\nMilitary result coach carry cold nothing. Raise choose public.\nSize whose now rise quite cultural effect real. The rise environment rock speech free course. Order protect radio.'),(46,36,'2024-11-26 00:00:00','Husband difficult type contain property. Leg industry government east key after shake. The east year control hit attention science. Like my music sing coach.\nThird century both sense another. Return wind address trouble her set drop she. Blood forget company expert.\nArticle citizen guy discuss. Reveal style skill case low water speech.\nThen clear sure it floor. Art myself usually almost majority.'),(47,55,'2024-11-05 00:00:00','His standard card community meet pick. Successful character including national rule. Concern Mr up because mention character bit.\nBlue up behavior receive choice strategy. Project every group especially least wind mean.\nOperation fast back threat tonight let. Because save everyone pattern. Growth say investment house build.\nTable address home office brother last experience.\nReveal speak position turn newspaper shake foot. Local world war rock.'),(48,140,'2024-03-19 00:00:00','Him program painting girl forward marriage street. Lead debate most range speech civil. Foot media order.\nTake drive realize project prevent show participant finally. Something meeting idea skin thank memory standard someone. Western agent prove. Create reality drug various world discussion.\nQuickly behavior similar use response finish. Picture where dinner. Without decade thing form.'),(49,161,'2024-03-09 00:00:00','Room his sit perhaps home if or set. Time much baby head society.\nOil available sport me catch industry. Forget might from town available.\nWant past couple Congress budget travel similar. Seat investment wonder wall sort first entire serious. How set sign my together both yes.\nFind five pick message order serious natural. Fund decade political central course card add. Practice establish office opportunity identify.'),(50,112,'2024-07-04 00:00:00','Free design before idea here ten suddenly. Boy treatment sit who again would.\nPolice meet song produce. Blood face authority total assume step. Green develop development eye energy daughter.\nLose matter vote indicate.\nFoot view indeed choice. Fall scientist whole total heart herself.\nOver realize often. Agreement pattern culture even begin which. Final start evening deep nation but.\nBy laugh bring president popular material century present. Try possible industry.'),(51,1,'2024-12-01 09:00:00','This is the monthly report detailing the progress of the project.'),(52,128,'2024-02-17 00:00:00','Collection system either center scene none. Country grow senior sometimes series door security.\nVisit low never consumer still. Run message relationship. President possible draw city. Claim forget sound he spend.\nOffice whole degree news region girl bank person. Director war share score move. Must good building decision above.\nFill consider they. Ten ground hear result.\nSuch particular positive reflect rule amount. How year control use issue from. Everybody consumer type move market recent bit.'),(53,69,'2024-06-02 00:00:00','Yourself tonight than almost likely region read.\nWest prove term door today. Data visit international process special produce road.\nWindow girl hundred director newspaper sign save policy. Far learn along ever north.\nOrganization system personal order. Fight although information your writer cut.\nMight report size to room director. Side home light brother rate. Assume American money quite body.'),(54,143,'2024-04-14 00:00:00','Group floor action her above government. The yard put for. How reveal who. Cold of toward difficult.\nBuy law administration people ever friend reveal evidence. Bring explain oil political. Sense others natural though.\nPick government head knowledge lay customer without occur. Star information TV woman official sign require.\nNearly cold north cultural. Not you identify stand. Relationship she enter media all tough make.\nLate tell term theory describe but everybody. Population research control.'),(55,159,'2024-07-24 00:00:00','Morning research chair a arm speech. Morning space base behavior. Development alone themselves guess four.\nPolitical course lawyer alone. Prepare range body by. Relationship society compare every with off. Raise present court of up huge all.\nRoad clear mind off. Past history seven I bad interview.\nMethod thing important bed north. Least stop car face.\nRock risk view ready on notice their cultural. Sometimes significant reduce.\nIndividual until team outside economic important remain.'),(56,14,'2024-05-06 00:00:00','Who resource age million head risk.\nIndeed thus feel any. Decision always entire north raise born religious.\nPossible eight Republican hotel onto everybody. Energy support speak they make again foot them.\nReason good teach whether sure exactly. Goal wide red so none.\nSeveral western two.\nTreatment form half decade resource hear task exactly. Place positive late view risk hospital floor foreign. Send which no about score. Rise statement enough law main.\nTerm level of sell pass.'),(57,105,'2024-03-18 00:00:00','Man where trip election customer brother seat. Old town American poor rule. Wonder administration might cell series high.\nShow myself thus. Use perform music message.\nStock case study room forget program. Brother husband possible right admit I.\nInvolve control clear war day. Leader star find you and. Blood relationship that everything old.\nCoach popular field can. Tough prove show opportunity rule collection.\nMiss seem family adult yet.'),(58,158,'2024-01-21 00:00:00','Party long left adult name.\nIdea through place follow responsibility figure decision. Race issue ground skill. Off return citizen lot into. Door wear surface control use man much impact.\nSeem agreement million apply area. Room expert policy build these around.\nGirl treat man run before adult. Perhaps traditional his cup college world. Increase and edge. Trade quickly business cultural under choose.\nMight production capital more each small recent cultural.'),(59,108,'2024-06-05 00:00:00','True market want doctor. While skin strategy increase fire concern. Wind management knowledge born exist.\nScore as form staff design often. Owner such great commercial continue subject might.\nPlace reflect main billion present federal always bring. Choice let decision seat from. Material manage full art claim.\nBlue what career.\nAttack short argue place game. State trial box process. Work remember short term.\nSing suddenly key. System bill letter size executive yet voice. Practice happy modern.'),(60,22,'2024-02-19 00:00:00','Prevent fight seven suggest performance floor in. Role deal music individual red race decision. Explain require floor eat either major. Board support network soldier here.\nIn six health old. Call large sign director inside.\nCan religious hear save despite husband professor sport. Father likely magazine adult democratic turn agency.\nWay heavy magazine building. Toward series simple recent together as.\nMachine response whether firm run chair. Likely politics history offer difference clear month.'),(61,23,'2024-06-21 00:00:00','Project guy image wrong. Spring indicate accept around.\nSeries knowledge majority eye different in. Simple help show list knowledge watch. Result exist himself main matter need experience.\nReligious eye now east candidate. Evidence represent red experience occur more. Star me modern imagine.\nI not reason discuss.\nRisk action effect performance four book hold wall. Create performance agent simple attorney indeed work. Key production security bit later after author.'),(62,68,'2024-11-21 00:00:00','Mrs give fire.\nDrop different test bank country. Everybody field weight growth job.\nSurface score billion education whether.\nSocial whom side. Rise admit but white. Old country area stand magazine.\nCost live music meeting capital. Station security put owner son sister. Manage season put hold product hit determine.\nTheir keep them create top win. Hand improve design. Evening country if effort us special institution.'),(63,11,'2024-09-11 00:00:00','Important local man back everything call. Significant likely free seven action mention star. Ready type across reach family.\nForm know south individual should hair have.\nGovernment it head kind director think. Expect us system line. Lose need fear probably.\nWall clear on. Point short color theory environmental probably.\nPerhaps wide understand police put live. Center both beyond bed wish. Quickly pay situation computer many wide.'),(64,86,'2024-05-13 00:00:00','Book within happy everything painting national. Operation somebody institution turn radio. Threat also word fear heavy prove level.\nAssume ability stay defense must.\nBaby early commercial in firm. Recognize city five against article area final buy. Difficult finally candidate until while him.\nOk way my. Tonight term base whose only reason nature.\nCultural spend save fly man involve. Business investment pressure this. Shoulder such although however Congress but.'),(65,61,'2024-09-25 00:00:00','Sense feeling strategy image. Per be yeah perhaps. Beautiful statement international sound beyond form.\nTwo join production quickly animal. Hand structure unit benefit him easy.\nEnough father early million.\nNever paper article can type why. Provide turn food prove his. According house drop example short.\nWide everything onto pull morning question ahead. Drug also Congress room.\nForm smile production apply. Ask stage write painting better.'),(66,174,'2024-05-09 00:00:00','Place employee sell somebody tell police game. Along consider cultural song.\nItem where eight town hotel environment partner. Several each able these.\nPosition city material. Drop control television television line.\nPossible week husband easy hit. Speech data southern building north former option. Present course run me enter fund help.\nAddress reality painting ago.\nProject admit must voice throw. Group energy prove small citizen red. Fast news final.'),(67,177,'2024-01-07 00:00:00','Attack often on tonight. Pretty personal magazine small edge season source. Because ago information involve week why.\nClose say mouth organization eight concern. Almost human season candidate security.\nHospital nation practice final feel. Official his difficult similar. Skin simply us know trouble data professor. Small computer garden matter.\nTree mention program Republican possible. Remain yet read. Evidence red clear.\nSeem religious specific general. Hair whether attention.'),(68,170,'2024-01-05 00:00:00','Worry exist trip consumer idea. Inside tree wall image mention water each.\nExactly hand their bed follow offer. Difference ability dream create and shake moment.\nReal century where line strong business direction. Worker employee answer ability bit example ask.\nRecord easy pick sell early.\nAuthor like chair own happen. Clearly amount relationship pressure call yet evening story.\nEverything human dinner kind year. Various now much eight.\nPerformance inside choose purpose. No out owner happen.'),(69,125,'2024-05-02 00:00:00','Probably than agree team consider cut. Say theory goal close local easy. Understand country fill music spend magazine example little.\nCentury role purpose stop now. Help rise success age. Difficult bill most develop doctor myself member.\nLife respond face investment. Hear least executive quality.\nMean participant beyond create either admit build. Into method indeed best huge remain let art. Prepare radio shake direction.'),(70,53,'2024-01-29 00:00:00','Company offer hospital address. Group reality line leg newspaper score. Design take room enjoy.\nAlong strong growth class camera subject challenge. Stand general well book. Change use tell my.\nBe wear small kid go. Buy main cause seem. Happy involve success dream great generation.\nDirection your end network response. Never purpose standard public choose. Me list join computer.'),(71,95,'2024-06-28 00:00:00','Full back individual night yard reason whole. Oil energy PM increase medical onto yourself. Figure state international site note behind to. Service he according bring civil successful.\nArticle lose degree. To source hotel central drug politics of.\nEight wish nice. If great scene down gun activity here.\nGo continue laugh task wife science political else. Fight laugh rule listen visit.'),(72,12,'2024-06-04 00:00:00','Various order popular measure. Could operation because find part common along.\nTown true in floor. Mother red evening low different.\nNear air school role store. Detail follow have up. So still woman huge student free boy analysis. Strong state guy usually movie prove.\nDemocratic value or stop sit color. Natural laugh heavy clear decide PM any.\nCharacter single help from. Keep usually computer relationship industry short. Republican large real audience yourself meet lay.'),(73,71,'2024-08-04 00:00:00','Myself bag capital individual. Camera purpose blue listen. Reason base trip mother much foot food.\nFoot maybe report as. Tv traditional performance music program somebody its.\nSure Congress among. Word floor professional clearly office.\nAnything table force learn job black resource one. Fine standard star probably three score. Explain radio especially try involve model. Garden sister option number purpose.'),(74,15,'2024-08-01 00:00:00','Whole watch improve property accept instead. May travel analysis human cold range fight baby. Nor media discover lay newspaper professional our professor.\nExample only goal. Forward however program future mouth. Magazine week source life between social ever say.\nFoot television significant general night. Bring include evidence current PM meet. Week over hope region set leader where.\nElection compare PM look north seven population.'),(75,22,'2024-06-14 00:00:00','Inside special matter role military throughout. Member responsibility society least who allow kid interview.\nStay speak around record. Media treatment allow you six. Turn carry morning effort head become agent several. Ahead state apply great just soldier.\nRecently child everyone throughout fine memory. Avoid people well power article statement.\nFinancial pull summer government rich check effect. Task situation down. Bill rest eye rich national approach.'),(76,82,'2024-05-06 00:00:00','Me want put.\nIt coach popular hold chance. Nice television do standard less. Article her be interview it. Attack see suddenly.\nUp example budget act peace figure place. Appear talk low over table. I name consumer seek.\nValue sea note then stage can. Soon blue evening pay step describe really.\nCase standard serious.\nStart away machine financial. Today cut same spring usually cold. Western situation fish.\nSite whom play industry another agent receive. Color notice get save me girl experience.'),(77,28,'2024-07-13 00:00:00','May resource economy dog discuss. Fall doctor relationship product.\nDinner game fall fall close tend. Billion hand firm forward which. College attack throw.\nSeven although particularly reality court painting never. Model commercial whom policy technology evening.\nWorry sound measure inside there home. Sort me picture current walk field if.\nHot upon she nor. Personal there break play seek senior.\nCommon walk risk. Live attention night appear cover.'),(78,88,'2024-09-01 00:00:00','Mouth thank account water any might way. Main should tell life institution.\nMaintain nor lot growth evening group.\nWhat vote more far movement. Mind opportunity protect successful arm family already challenge. Seek compare parent me simply off.\nRepublican hope to evening. Source eat out reality travel rate almost issue.\nCentral better issue against discover produce data. Factor month investment back economy. Message where report safe ready wind to.'),(79,148,'2024-05-06 00:00:00','Value base bill art finally customer. Old always instead space chair free. Commercial explain response whether carry shoulder end job.\nWorry best yes dark name meet. Sell mean reflect job. Rich mother own Congress great foreign.\nIndustry or international language process whom.\nWill deal avoid. Create issue food film.\nOpen land wife. Which similar work job cultural.\nDevelop send network focus. National beat before air. Always including listen shake difficult live.'),(80,118,'2024-06-30 00:00:00','Current serve sound about mother country never war. Receive identify paper gun when two including.\nTrue school concern one this maybe learn. Close military knowledge management American. Imagine image ask while garden. Sort same however person list everybody then.\nIncluding yes arm. With need candidate at. Hard case most remain.\nPay human politics three attorney cost specific what. Deep eye but thus serve skill. Test special manager hotel music hospital around.\nPart commercial word amount.'),(81,119,'2024-11-02 00:00:00','Could political later doctor lay second account. Place student more cold vote person. Memory manager forget type character detail.\nProtect thought amount floor. Effect probably hot note. Increase area claim line agent clearly.\nParent but environmental up course. Art population firm former. Mother read each issue none interest teach.\nRich personal rest thank show. Prevent them my any party interesting country. Simply claim look note ever character others.'),(82,55,'2024-02-25 00:00:00','Run doctor dog myself sister be read design. Pass economic significant free shoulder style pretty. Color wonder understand quality ask usually.\nAgency discuss church live try very officer. Year argue it human him past husband.\nPerform cut happen institution. Fall point base Mr this. Network need modern together article.\nWish animal after their our scientist hear. Arm baby person indicate teach yourself always. Unit mouth new about.'),(83,113,'2024-10-25 00:00:00','Gun certain test. Economy significant summer open. Section often particular city quite car single.\nExample have environment science fast people red. Talk might past into dream impact. Reveal actually see fine.\nTen very side nice shoulder. Election table well.\nSee standard behind poor ahead anyone. Recent career sure book consider space.\nAge page popular hotel. Community general nor discuss keep method answer. Herself everything same change.'),(84,11,'2024-10-21 00:00:00','Section heart every open. There simple night able within. Rather brother though reality.\nTell lay stock section interest position fly.\nWhom them than billion would. Student decide listen alone southern letter. South degree why less.\nName happen line group bag sign skin. Check improve choose sit building course. Whether four population manager they think each view.\nAgency agency down put reduce box. Threat eight old senior role. Suggest both affect take.\nHead alone sing. We consumer politics.'),(85,165,'2024-09-09 00:00:00','Knowledge often wall operation. Why score ball couple build.\nData open activity federal. Explain important wonder inside page grow likely agent. He effect toward drive which decide.\nKid cause car reality strategy may. Writer edge discussion Democrat effort safe. Husband vote fill personal ago.\nBut without know western.\nClass investment team trial. American yard day which he shoulder cut. Long federal attorney language father even resource.\nPage positive fly ten. Personal fall country civil.'),(86,141,'2024-01-22 00:00:00','Blue interesting last alone.\nSmile control too. Down amount nature despite.\nGo about ability suddenly also. Happen what international avoid treatment even.\nWord seven more relationship space. Final green receive central building range admit. Page mother vote speak room.\nNotice treat begin part.\nShort thing road evening picture here. Bag past last spring relationship friend. Then decision become fall everybody.\nBoy approach water. Town education often hundred.'),(87,110,'2024-03-01 00:00:00','Sound prepare management hard. Seek guess compare space power challenge. Race policy ready decision control.\nEvery city consider investment seven environment. Computer structure campaign great wish main let.\nTerm whose look perform those management way performance. Tv like realize soldier serve author many. Friend party power because ever may.\nSpeech government here individual. Discover possible fact contain skin expert carry.\nList else view kitchen. Forward cup actually writer live.'),(88,171,'2024-07-17 00:00:00','Wait capital police actually article. If begin pay agent science bring. Eye peace short both oil your room.\nForm enough mean get section action turn. Day eight adult. Morning account pretty hair man drop. Feel campaign safe capital.\nEnd off might TV century model month. Film billion so.\nAlways energy section market. Industry page ground her while. Group meet magazine institution see approach smile.\nTheir again over. Might understand save response practice weight.'),(89,11,'2024-01-11 00:00:00','Quickly space data political red card.\nReason education ahead high home measure. Among area debate office part you.\nSuggest kind people establish yard than want would. Paper social her protect.\nSell southern military message. Same example theory whom fund strong four style. Before rule return then threat kind pass.\nSecurity hit because pressure window.\nWatch practice type adult. Main early old understand both loss some.'),(90,66,'2024-10-15 00:00:00','Radio base responsibility positive foot debate down. Professor tend serious table ten here. Serve one church make prove. Score federal manager something see.\nNearly determine picture state. Apply current war sing. Word threat our sort.\nWife some fight because. Now executive age garden sister.\nAround amount method purpose care.\nBreak of form peace break particular region. Series course yourself throughout.\nTrial news development. Sort next if. Case least employee all.'),(91,160,'2024-09-27 00:00:00','Opportunity stock entire information stage discover. Success I civil others. Car beat less indicate material image.\nStep effort down impact live of direction.\nReceive head religious garden life interesting them. Wish nor including woman which.\nDespite country leave might trip. Structure president surface officer late seat war.\nCourt finally many high. Reach catch of growth past. Interesting Democrat short to.\nReport price green thought realize avoid. Well its require huge its my.'),(92,161,'2024-09-21 00:00:00','Role face establish question fine. Decade short how friend who become.\nNot long cost whatever win appear industry. Surface security yourself staff prepare.\nMission whose front goal general prepare early garden. Look total nation.\nDeal southern body past then heavy. Spend truth on accept huge federal fire. Point everybody relationship indeed will.\nRequire thus as huge. Effect chance middle specific.\nTechnology do never. Consumer food use. Make of unit early two although chance.'),(93,80,'2024-11-19 00:00:00','Quickly say miss per Democrat second. Wish buy author others hear.\nOut evidence chair top recognize example. Ask order forget mind light bad agreement.\nSize cell difficult front might generation blood.\nDemocrat anyone down born. Agency admit outside security hold middle medical. Agent that peace available budget.\nEvening many section eat specific. Still recently hit analysis voice blood.\nBeautiful professional future attorney popular red capital strong. Make several within instead.'),(94,163,'2024-07-27 00:00:00','Hear adult might throw.\nWould girl no answer president. Us discuss fire first let collection. Issue perform serious under through teach.\nAudience perhaps some discover there energy. Question hair individual treat story sell religious commercial. Occur adult raise only result. Official identify theory.\nForward each first air say tax quality.\nLarge before yes issue peace. Central week material card. By should party ask treat.\nNot week or keep vote. Listen her high. That government idea physical.'),(95,115,'2024-02-27 00:00:00','Raise away know very create. Cover man performance important window.\nCatch store pick. Say others fear play business. Sign else let start. Leg age develop reveal suggest.\nSit young your boy throw several president campaign. Business hair community nearly draw in.\nLate both note leave yes coach agent house. Language prove pattern authority when thus.\nInformation person almost until provide. Begin miss station star address.\nGuess let industry skin involve together. Employee few common brother.'),(96,125,'2024-05-09 00:00:00','Interview tend act. Tree sport event information place responsibility. Record spring job cut.\nLay person be agent total.\nUnder five nation opportunity charge. They change beyond his set into.\nAgreement occur class each computer. Whatever life still point direction style.\nAct mean central great ok great source accept. Voice argue role him down parent leg. Window whether hair nation through east. Meet term about entire mind.'),(97,62,'2024-10-22 00:00:00','Or outside course who community throughout. Set several natural law during response meet strategy. Less believe hotel gas agency serve.\nTrip value religious property walk under. Difficult either should strong animal idea. Where cold write moment hold.\nPick help him civil employee last authority make.\nFather consider son would including throw. Meet ability produce table. Pattern single quite live.\nParticipant must too. Majority create economic take research.'),(98,83,'2024-07-31 00:00:00','Role just glass game time. Actually debate nation red stage decide quality. Happen key trip opportunity. Relationship car action world keep decide.\nFive assume her network son other. Animal so benefit election.\nSuddenly red name argue. Never environmental the smile time situation contain.\nNeed modern story hair walk represent right. Among choose family person. Sing past southern involve.'),(99,66,'2024-02-09 00:00:00','Company action stage difference run. Several give try Republican. Soon free consider a single pull. Purpose hard travel allow.\nCarry seem break anyone style executive step. Green power as fine although effort about put. Explain fast head alone entire happen.\nMore such four heavy care attention reduce. It employee teacher billion while interesting close. Prepare yet down image go voice reason.\nGun kid let accept position after military. Provide owner defense.'),(100,80,'2024-05-17 00:00:00','Suffer see tough line especially decision.\nThese girl buy process. Customer arm he staff director.\nRange offer pretty throughout.\nDesign hundred radio property beyond. Research decide marriage senior remain. Build different attention.\nAuthor wide interest painting. Price both or environmental manager. A light there any.\nBoy drug available but region character. Property risk could hear value study.\nAny across despite. By approach hope other exactly show leg.'),(101,50,'2024-09-07 00:00:00','Store reach range end. Change son different paper while its seek.\nThank base budget could. Little be benefit adult skill dinner school. Who health wrong use home fast.\nLearn four account opportunity between building firm international. Him pass indicate investment threat pull.\nTruth direction new medical. Executive move green everyone someone. Image maybe third allow fast.\nFuture without painting carry. Bag military religious who blue loss. Begin account their financial could three father.');
/*!40000 ALTER TABLE `monthly_reports` ENABLE KEYS */;
UNLOCK TABLES;

--
-- Table structure for table `payments`
--

DROP TABLE IF EXISTS `payments`;
/*!40101 SET @saved_cs_client     = @@character_set_client */;
/*!50503 SET character_set_client = utf8mb4 */;
CREATE TABLE `payments` (
  `Payment_ID` int NOT NULL AUTO_INCREMENT,
  `Person_ID` int DEFAULT NULL,
  `Amount_Due` decimal(10,2) NOT NULL,
  `Reminder_Sent_YN` char(1) NOT NULL,
  `Date_Reminder_Sent` datetime DEFAULT NULL,
  `Date_Paid` datetime DEFAULT NULL,
  `Other_Details` text,
  PRIMARY KEY (`Payment_ID`),
  KEY `Person_ID` (`Person_ID`),
  CONSTRAINT `payments_ibfk_1` FOREIGN KEY (`Person_ID`) REFERENCES `people` (`Person_ID`),
  CONSTRAINT `payments_chk_1` CHECK ((`Reminder_Sent_YN` in (_utf8mb4'Y',_utf8mb4'N')))
) ENGINE=InnoDB AUTO_INCREMENT=52 DEFAULT CHARSET=utf8mb4 COLLATE=utf8mb4_0900_ai_ci;
/*!40101 SET character_set_client = @saved_cs_client */;

--
-- Dumping data for table `payments`
--

LOCK TABLES `payments` WRITE;
/*!40000 ALTER TABLE `payments` DISABLE KEYS */;
INSERT INTO `payments` VALUES (1,162,399.41,'N',NULL,NULL,'Animal case lawyer civil important future. Security media hand attention Democrat walk little. Western trial bit community walk.\nFactor police meet already yes skill. Someone enter task enter that.'),(2,142,286.29,'Y','2024-01-02 00:00:00','2024-01-03 00:00:00','Half skill live contain soon important knowledge.\nAgency four dog off. Chair mind sister agree list start care.'),(3,7,794.25,'N',NULL,NULL,'Respond management military suddenly item. Second I road reason also.\nMarriage over attention quickly.\nNone always that stock. Road indicate movie behavior.'),(4,166,625.23,'N',NULL,NULL,'May not issue true president. They close cultural officer point second here. Wrong cell whole since.'),(5,118,511.34,'N',NULL,NULL,'Travel describe ability middle read lay piece keep.\nAgent move say our every without break management. Other open campaign place pattern church.'),(6,83,240.42,'Y','2024-11-05 00:00:00','2024-11-21 00:00:00','Project loss around describe significant single.\nFish little PM notice. Year fine three garden what middle.\nTonight particularly skin again. Actually second bit better. Compare fish sit.'),(7,143,990.11,'N',NULL,NULL,'Idea institution fall. Indicate quickly nearly great. Grow long for never say.\nThe strategy picture town out. Our open believe certainly impact accept.'),(8,172,627.22,'N',NULL,NULL,'New same continue career stage very. Night kid recent phone one student week. Series last fly.\nParticipant particular say writer call find. Meet notice face nation test.'),(9,19,717.10,'N',NULL,NULL,'Trouble blood it majority. Day our resource between explain analysis. Great never ball newspaper us wind agreement.\nCreate heavy bank. Moment various rate research drop.'),(10,141,953.46,'Y','2024-09-16 00:00:00','2024-09-22 00:00:00','Street and kid occur wrong morning computer. Perhaps will campaign oil these human.'),(11,128,79.58,'N',NULL,NULL,'Huge finally oil.\nDespite consumer production discussion situation within true.'),(12,170,561.68,'N',NULL,NULL,'Consider brother situation week campaign. Sure million poor add room. Benefit government road before.\nChild class trouble ahead. Teacher hear land art policy onto town authority.'),(13,134,285.21,'N',NULL,NULL,'Just policy ten American expert. Bill article fast skin. Treat collection modern.\nLong minute skill. Buy life stage audience PM practice recently.'),(14,154,898.20,'Y','2024-11-16 00:00:00','2024-12-12 00:00:00','Area adult recently course action about that. Value professor make late control garden.\nTogether who factor hundred conference. Ever public yeah field.'),(15,6,96.97,'N',NULL,NULL,'Instead successful cause nice source thus. Girl middle majority work rather capital.'),(16,36,115.33,'N',NULL,NULL,'Serve among several exist wrong reason information wind. Daughter seat account it executive speech another suddenly.'),(17,59,721.38,'N',NULL,NULL,'Pressure black mouth check officer these. Gun people player statement.\nPer teach thought future exist address. Three moment can both.'),(18,124,756.56,'Y','2024-05-06 00:00:00','2024-05-06 00:00:00','Eat no black everybody success. As six include no.\nCould conference memory throw election certainly half. Source quality make main surface low. Make name whose nothing hotel after nearly decade.'),(19,38,540.31,'Y','2024-08-22 00:00:00','2024-09-15 00:00:00','However forget impact ago read. Police soon build four.\nTask kitchen billion more between us. Most coach once art employee save recently.'),(20,69,86.73,'N',NULL,NULL,'Somebody month manage miss edge require interesting. Interview personal gas reach benefit different.'),(21,72,634.59,'N',NULL,NULL,'Expert care gas. Mind evidence them.\nReason product drop save unit voice. Service however truth form doctor professor.'),(22,57,552.78,'Y','2024-06-03 00:00:00','2024-06-24 00:00:00','Require positive type television. Than subject defense sure. Only environment land.\nShoulder design yet role get entire. Figure cold everyone couple make.'),(23,84,130.11,'N',NULL,NULL,'Result range yeah clear walk industry. Report also war. List these hundred.\nMy against laugh worker former certain.'),(24,81,637.05,'N',NULL,NULL,'Her still especially significant seven mission miss. To together better reveal.\nAdministration small not pass role. That market task firm eight.'),(25,136,354.77,'N',NULL,NULL,'Yourself art letter room tree. Garden control or peace nearly. Top detail term yes subject.'),(26,11,135.30,'Y','2024-01-21 00:00:00','2024-02-11 00:00:00','Leg language window until ago take eight as. Kid sister whom now million soldier number.'),(27,28,481.22,'N',NULL,NULL,'Beautiful Republican try rate. Pattern difference memory agency available Mrs.\nReduce character left level claim maintain our energy. Late kitchen around body change one.'),(28,106,243.79,'N',NULL,NULL,'They meet turn alone media there remember. Leave role news huge.\nFire specific could detail language item fast sea. Parent attention window meeting successful color.'),(29,85,962.52,'N',NULL,NULL,'Network most risk central nice. Main state return make.\nProduction enjoy degree rich fight picture.'),(30,116,512.20,'N',NULL,NULL,'Institution against star tax crime during week order. Debate allow board every yeah sea. Candidate be point difference.\nPlant road again senior not provide might. Human two tough actually.'),(31,87,450.18,'N',NULL,NULL,'Single doctor television eye scene network. Tough lay necessary meeting fill result. Without remember usually set standard.'),(32,10,480.00,'Y','2024-09-03 00:00:00','2024-09-11 00:00:00','Mouth there party say himself deal. Reality pretty dinner technology finish.\nAllow lead others strategy TV receive. White reduce relationship Congress yourself.'),(33,97,787.60,'Y','2024-03-03 00:00:00','2024-03-28 00:00:00','Less arm Republican throw. Western set suffer act establish American down brother.\nMusic often social your room. As although can cold until eight stage. Tonight heart law small any.'),(34,45,502.43,'N',NULL,NULL,'Thought time huge its action subject should Mrs. Step strong artist make me pass.\nAlmost single feeling discuss likely also enter. Wide knowledge little threat health goal debate discussion.'),(35,9,643.38,'Y','2024-06-23 00:00:00','2024-07-23 00:00:00','They other meet process chance describe. Hot degree level assume yourself. Gas wall establish various.\nDecide bill form. Feeling hit too buy.'),(36,137,60.34,'N',NULL,NULL,'Popular military realize. Build sign southern environmental probably letter difficult.'),(37,26,551.11,'N',NULL,NULL,'Us until tend such science expert play. American stop west. Hand true order hope despite lot beat. Structure whose technology.'),(38,56,489.69,'N',NULL,NULL,'Career bed around would along since main question. North news win. Woman case environmental news seek direction.\nEye minute she better American reach.'),(39,33,601.66,'Y','2024-05-26 00:00:00','2024-06-13 00:00:00','Once popular structure citizen style free over.\nFace blue forget already into his power adult. Maintain order research cause per sense.'),(40,35,201.01,'Y','2024-08-15 00:00:00','2024-09-06 00:00:00','Must act of might. Both Republican look find produce expert past.\nWest recent design clear build difference. Term crime on ok always human. Part beat dinner international.'),(41,144,51.03,'Y','2024-10-02 00:00:00','2024-10-05 00:00:00','Form truth son site discussion animal mention magazine. Second federal adult study sign meeting.'),(42,83,724.99,'N',NULL,NULL,'Amount may sport ahead center spend interesting policy. Either eight treatment require fast seat six beautiful. Kitchen statement spring election.'),(43,149,756.78,'N',NULL,NULL,'Prove number run cut affect score. Often tell production success accept he station. The themselves guy chair this news participant collection.'),(44,142,435.34,'Y','2024-09-22 00:00:00','2024-10-07 00:00:00','School federal decision less effect reflect. Mr party begin class such like less wind. Behind middle create pass answer hospital.'),(45,75,62.66,'N',NULL,NULL,'Class writer laugh production growth stop hot. Policy live chance argue law. Mouth company could hospital today.\nAgo policy necessary man. Market official age story.'),(46,3,558.16,'N',NULL,NULL,'Force miss ready ground many treat. Science forget nearly institution expert. Speak become start alone understand.'),(47,36,510.03,'N',NULL,NULL,'Newspaper law factor everyone special. Explain end debate marriage know television air.'),(48,94,280.18,'Y','2024-02-01 00:00:00','2024-02-09 00:00:00','Level grow understand speech mother. Nor report store scientist break third leave. Act site respond writer.'),(49,63,840.85,'N',NULL,NULL,'Gun process store set occur other manager fill. Leader child teach we green south. Evening seven other force art it far. Real training likely.'),(50,152,100.54,'N',NULL,NULL,'Situation organization pretty never speak full. Top goal name important almost and ahead sit.\nSupport consumer theory trip special. Environment law very explain dog difference detail.'),(51,1,150.75,'Y','2024-12-01 15:30:00','2024-12-10 10:00:00','Payment made for November subscription.');
/*!40000 ALTER TABLE `payments` ENABLE KEYS */;
UNLOCK TABLES;

--
-- Table structure for table `people`
--

DROP TABLE IF EXISTS `people`;
/*!40101 SET @saved_cs_client     = @@character_set_client */;
/*!50503 SET character_set_client = utf8mb4 */;
CREATE TABLE `people` (
  `Person_ID` int NOT NULL AUTO_INCREMENT,
  `Permission_Level_Code` char(3) DEFAULT NULL,
  `Login_Name` varchar(50) NOT NULL,
  `Password` varchar(100) NOT NULL,
  `Personal_Details` text,
  `Other_Details` text,
  `Country_Name` varchar(100) DEFAULT NULL,
  `Role_Description` varchar(100) DEFAULT NULL,
  PRIMARY KEY (`Person_ID`),
  KEY `Permission_Level_Code` (`Permission_Level_Code`)
) ENGINE=InnoDB AUTO_INCREMENT=181 DEFAULT CHARSET=utf8mb4 COLLATE=utf8mb4_0900_ai_ci;
/*!40101 SET character_set_client = @saved_cs_client */;

--
-- Dumping data for table `people`
--

LOCK TABLES `people` WRITE;
/*!40000 ALTER TABLE `people` DISABLE KEYS */;
INSERT INTO `people` VALUES (1,'IT','silvajennifer','IEJs%!2g)9dt','Give three really law minute door teach. Suggest enjoy conference pick break develop.','Under rock east save mission book training opportunity. Free artist institution company network. Ok than nearly way visit different.','Bermuda','Project Manager'),(2,'ADM','butlervincent','^5&CykTHc*yP','Pretty laugh enter so compare green see. Then difficult significant only. One forget real change us series wide.\nPay information since alone role. Real end local reveal course wind process.','Them direction high people. Against remember live girl individual.\nScientist hospital light. Try step shoulder stop take choose.','Kuwait','Chief Information Officer'),(3,'QAS','williamssheila','(4mW!ktmP&VB','Front just again lot. Sign sound truth assume citizen Democrat down. Cultural century left become PM fact.','Science star present suggest work in and. Out should gun although list practice friend government. Build same without offer almost science room decision.','Heard Island and McDonald Islands','Moderator'),(4,'GST','juliasmith','4tK0ALWh!dB^','Many test development sport early. Detail win movie treatment gun. Mean street improve become floor.\nForget play give kid detail. Such half space yourself.','Exist during account imagine model family. Big station deep forward story common.\nIndustry continue structure very word room. Four send table reason now similar either participant.','Switzerland','Manager with limited access'),(5,'IT','perkinssara','ct7G_z(p$lC1','Fish result minute result door crime represent. Senior must through size total.','Medical him hospital boy money. Conference wear computer high explain one. Light social effort try treat remain phone page.\nWoman not scientist. Task include score hold president.','El Salvador','Accountant'),(6,'COO','ksaunders','YUnBZ1Yk3$9X','Edge cover test phone manage despite. Know interesting out marriage. Company skill fall mouth another finally.\nJoin position song on by. Provide strong record group any wonder.','Time production fast. Protect machine sister.','Lithuania','Designer'),(7,'MK','jesus65','^_5hZUx#3gqO','Course member senior strong risk personal.\nEnd land media lawyer. Later whom yourself everyone series born standard.','Voice situation member positive performance factor force.\nProperty doctor series available trade range. Data fine cell prove process official follow.','Guatemala','Operations'),(8,'CTO','bwade','mNwhMNXv@t73','Cultural source worker young rest personal blue meet. Seat type source business rate prevent.','Action across thing firm. Boy road present wind. Join author huge evening thousand include organization.','Paraguay','Developer'),(9,'USR','anthonyperez','n2h%^R(W*7Jp','Possible room put season. Play star vote improve.\nBring effect hold family. Yet new stock media travel agreement party.','What number realize from international. Science improve camera two. May thing choice question cold leg. Note message serve thing ahead resource.\nCharge less message six.','British Indian Ocean Territory (Chagos Archipelago)','User'),(10,'COO','masonmonica','&VK26R!z)a(4','Full agree book assume expect speech policy hair. Mr change country ask contain focus. Environmental participant history get card.','Protect professional message reveal life write.\nThree site blue share piece lay stuff. Majority serve key public indicate score.','Lithuania','User'),(11,'ACC','jacobsmith','*ZpMvTGgd85U','Require effort boy weight none.\nTime adult right brother reduce ball improve space. Hard cause the task plan test.','Eye serve major operation media. Or establish college political street machine. Marriage upon yard address she four discuss.\nLater sit beat sister.','Spain','Finance'),(12,'IT','smithbrandon','IS_5&Jt&S&8t','Medical true evening like require. Soldier standard manager many choose. Interesting response off boy safe. Program collection three during enjoy international.','Woman serious nation natural. Carry eat even road almost so. Way kitchen keep under whatever be while where.','Guatemala','Project Manager'),(13,'CIO','peterwilliamson','ppQ3rWPpVq8^','Teacher live figure world. Citizen forward draw name step level be former. Son benefit onto they cause soon. Office song because image.','Daughter new if heavy nature. Film baby or politics recognize response set.\nManagement every apply condition structure month down. Force next sense forward.\nMust support responsibility.','Germany','Moderator'),(14,'OPS','jamesbauer','$vX3RiWyv_0L','Where method another name husband great. Present remain if great her. Artist class always future imagine.\nStrong once Mrs step wait central add cell. Hold later scientist sign. This tend vote test.','However measure maintain what describe degree. Left scene certainly task drug cell gun.','Finland','User'),(15,'MOD','robert54','$6Y1ns2OJtK3','Result final act. Left remember recent five country media walk.\nLast join road lawyer spring by. Seven eight Democrat realize once practice. Sea professor their memory.','World can catch bad item large.\nHear reason provide often hand action west. Member term town this. Behavior company policy pay.\nElse while quite subject put. Citizen thought result prevent.','French Guiana','Chief Operating Officer'),(16,'QAS','samanthaross','%yB#Cph4wV$4','Top social central modern country live money. Mission provide various former whose interesting thousand. Structure late way head easy market.','Theory tell off effect. Until simple parent general and.\nDinner among treat civil likely form. Structure carry skin. Once student itself less paper.','Wallis and Futuna','Support'),(17,'CTO','robinsondavid','$)7+bfUvscK@','Stage world enjoy book continue image. Play role discussion compare address well. Question perhaps amount cut run carry.\nTheory still safe bag Mrs. Effort account method bad evidence green leg.','Car indicate manager reason career per carry. On door fly work. Dream identify visit trade join finally. Reality attorney light indeed must industry.','Bermuda','Designer'),(18,'ACC','marypatterson','5kN5yy^f%7rg','Anyone soon perform matter against rate. Page avoid them lot. Executive rate pretty local.\nRequire air dream reflect according couple. White enough benefit Mrs.','Sea sometimes professor only note tree. Account join some continue through sell live. Career something serve bed daughter tree professional.','India','Team Leader'),(19,'GST','robert11','#lN39Ti6h_gw','Song pay hundred. Challenge night night together music star where.','Picture play style exist skill professional standard.\nRoad include specific shake serve treat. Fine same before research hard maintain case ago.','French Guiana','Sales'),(20,'CFO','ncordova','mrt2IGGo#jk!','Size order forward former court southern stand. High miss dark score radio. Give everything child maybe feel civil.\nSince experience floor west easy. Result plant service effect hot.','Fly seek significant despite. Federal player hotel check enter here star culture. Billion his decide mouth.\nMust study might view talk. History open challenge area.','Tuvalu','Customer with view-only access'),(21,'CST','curtis54','KmCScCFR+1Fs','Occur picture international across but hair. Eight young main represent. Dark lose career stuff letter. Nor list design contain suggest.','Thing so point me change black region. Situation artist magazine way campaign today. Town cell heavy.\nIncluding simply decide hard air. Environmental natural break.','United States of America','User'),(22,'DEV','laura05','le5e3iuy@4RU','Fund television then next serious. Yeah modern own which open.\nPurpose style machine like central table. Onto place organization remember night. Often book building decide fine.','Business build culture specific writer truth activity alone. Campaign pick determine he policy. Decide hot area.\nStore few mission dog yeah character knowledge. Adult through speech action yet.','Germany','Administrator with full access'),(23,'BD','lsmith','(!5$qAFeY#2Y','Table last agent above. Pick natural myself speak. Never system rate.\nLess dog last for bag read speak. Wish remain plan central never. Year improve let finally.','Less environment authority while whatever. Stuff exist city sort green top. While usually rest body.\nAnother or cold team since. Could blue vote.','Morocco','Chief Information Officer'),(24,'ADM','vargasmaria','XOe0VlHWI$$Y','Memory throw property either might clearly investment. Thought evening owner send. Security rather same notice.','Building catch seem democratic. Whole trial majority worry trip consider. Write skill population turn. Use back develop story.','Guatemala','Customer Service'),(25,'SUP','andrew89',')Yf0TSxS%!#(','Able include relate against event page between.\nMember wish mother system story teacher big true. Study among agreement different form as field. Explain situation station business site.','Consider his short property full and. Reach spring see future.\nInstitution establish arrive nice radio rule. She yeah television. Different network politics.','Jordan','User'),(26,'BD','davisjoann','+ClPbP!v&9MC','Within senior news scene child exactly traditional leader. Gas nearly war office rock.\nItem place play government. Material woman police hundred.','Tell woman experience owner. Citizen government soldier impact. Bill someone campaign indeed economy coach develop represent.','Chile','Administrator with full access'),(27,'ADM','terrymoreno','Q*47%KXw_CfW','Analysis open health Mr learn. Often especially wonder when myself. High left film.\nHappy agent want arm. Car science perform magazine. Impact everybody term majority always.','She high student along but near. More quickly size employee without big military detail. Especially account issue participant.','Mauritius','Administrator with full access'),(28,'ACC','evan18','AB90gLye(rLN','Pick stuff page trade boy student art.\nBody education admit. Thus yet throw political. Fish student report tell generation cell.','Professor check only set. Woman we team contain approach.\nFoot green anyone than. Approach chance report star bring understand door.','Botswana','Guest with minimal access'),(29,'DES','theresa37','4!x1FYkfEs15','Big to cause rather. Activity talk nice city two line.\nFilm build brother old father leader type.','Place by future consumer or specific. Unit wish find up. Best according most place still.\nLawyer large million wide. Firm space western song care.','Mexico','Customer with view-only access'),(30,'OPS','snyderdaniel','16CTIs*O&y4F','The middle yes us ahead may impact. Artist everything avoid main notice. View no bed simply weight case.','Mind us campaign art perform speak toward deal. Sing statement describe.\nConsider later movement economic my movie.\nHistory room join suggest visit. Price at purpose charge.','Spain','Developer'),(31,'FIN','pamjenkins','wj1LXRwQq)cI','Tonight hope can arrive. Official medical long live whatever industry.','Area imagine particularly national card matter. Specific almost clear never finish money.\nFrom age or chance.','Sudan','Moderator'),(32,'COO','williamsjennifer','g!L6JVsD0zfz','Standard I down fast my. Military that today. Church line charge southern.\nSometimes major reality make. Side president despite strong shake. Economy century agreement suddenly ever.','Card possible leader someone million. Because common once east respond just. Off current use choose relate focus director. Guess statement media reality family.','Botswana','Moderator'),(33,'COO','petersonmartha','OU62WKx00*3z','Head outside sort at audience. American program computer none.\nManager unit west. Door seek over past wonder federal.\nAgo still forget collection feeling anything military. Everything rate miss rate.','Skin citizen sense compare speak our. Available win property guy allow government. Including teach avoid yet beautiful so wear.','Suriname','Guest with minimal access'),(34,'PM','johnadams','*dGcjLdkr6tt','No write rise leader degree. Administration form along raise culture hundred wrong.','Also life I white. Evidence start positive worry. Better even these final price include other few.','France','Accountant'),(35,'ADM','ybates','I%33rvViMn_l','Often father activity time there. Expert gas half dog month since heart.\nSecond gun avoid piece great be.\nBehavior heavy fund company pay them. Magazine middle chair foot role no.','Up difference improve cost. Successful option commercial however sometimes.\nAgent improve discuss require rise every change. Purpose add young fill guy.','Brazil','Quality Assurance Specialist'),(36,'TL','stonesarah','VMfJz7ZY)*1C','She effect identify return above always with employee. Free board none center.','Care easy standard phone work account modern. Amount late mission fine whom.\nUse response control subject. Point edge trade big edge return. Present responsibility once magazine reveal.','Cuba','Customer with view-only access'),(37,'MK','taylorbenjamin','7B#)C92g*5Ui','Enough great physical amount able tax. Perform civil perhaps property scene industry. Record responsibility your poor.\nUnderstand surface apply behind present.','Protect someone speech admit TV account if. Discuss sort write with. Former class idea decision culture.\nMaterial despite need trial child around. Difficult moment program throw dinner information.','American Samoa','Operations'),(38,'COO','drosales','&F44o$Jku@Ra','Group lay let offer morning worker become floor. Political specific on two everybody daughter last.\nLast agreement serious get foot degree. Laugh practice week change left let near someone.','Day hour health prove anything probably. Lead teacher magazine example fight doctor.','Canada','Chief Technology Officer'),(39,'COO','bonnie42','H!0evf&0eyhC','Bag work company appear or line. Far statement realize black another find. Quality then anyone nice list doctor often.\nBank lead four improve.','Could treat business process call them. Imagine information professional agree.\nFederal Republican film late final. Series seek hard type what.','Zambia','Chief Information Officer'),(40,'MOD','susannunez',')i9Mw4gx$qE&','Item everything including organization back thought wall. Rule year record sort movie senior. Whatever yourself these without.\nGuess now up laugh. Answer raise major response stay perhaps.','Understand history a offer east small example. Marriage huge structure practice. Machine beat attack question source.','Rwanda','Chief Financial Officer'),(41,'ACC','uwilliams','5zPCioqq)IlI','Condition total trouble important the. Task later little win. Guy then about mother push guy almost.\nNext rest entire southern way maintain why three. Begin cell general tax soldier.','Though when off book drop former prevent. Entire bar create wide his common. Scene attack point size wide mention leave claim.\nSubject name night senior.','Turks and Caicos Islands','Engineer'),(42,'MK','alvarezjuan','Z#0xArn0%4_Q','Look local Democrat candidate range.\nOk live deep civil on method. On major result end red. Look school herself option.','Matter ten detail red.\nContinue admit per attack wrong end wish. Feeling care whether him yeah finally lead.','Mongolia','Moderator'),(43,'QAS','whitakercharles','(iqIt1Gco+5T','Least call sister commercial security. Than morning low within suffer.\nOld coach job white how. Lay same table always.','Decide fear already without.\nEvery sell door economic hotel lot approach.\nFish others close car. Measure investment reflect city prevent memory. Agreement until stay maintain teach move.','French Guiana','Guest with minimal access'),(44,'IT','framirez',')3Kl3%OLv^ER','Into especially manage grow speech war win strategy. Your list people as adult Congress. Add ground cover measure dog.','History civil girl guess entire who. Often Mr light various song later. Then risk window add his environment.\nResponse fire design card old. Present use how determine.','Tunisia','Marketing'),(45,'COO','bpetersen','6%^Q!Xfg()0T','Key million beat gun. Nature value over run.','Arrive thing standard few lot water theory. Paper cold view nice.\nStructure project instead phone. Young develop company lawyer. List article likely.\nDark field school represent foot tough.','British Indian Ocean Territory (Chagos Archipelago)','Designer'),(46,'HR','courtneymason','Ca0WRVkXc(Y7','Event car candidate minute television southern. Price foot seek build vote to. Agree method thank stand past.','Everybody by Mrs. There parent college word factor who. Argue particular drop real.','Cyprus','IT Specialist'),(47,'CEO','jaclynmartinez','vr#Leiub_8DU','Especially behavior show suddenly. Across both line summer nor under. Hotel foot road surface answer tell. Forward suddenly break sit.\nTop treat dinner region. Walk space floor himself.','Throw determine concern yes recently as back. Born floor consider beautiful court still animal. Let ask policy population total human one meeting.','El Salvador','Support'),(48,'MOD','danasummers','etTBszkt+k0E','Cultural very charge continue. Picture fund decision court article.\nExpert last firm simple. Book around I learn scientist just.','Opportunity apply they southern seek someone. Response different interest. Nation will role help. Play part something better apply actually stage.','Montenegro','Support'),(49,'MGR','michaelbrown','43KUk1Bh!nZC','Thing manage continue sometimes.\nLike eye second arrive above else everything. North sometimes many or. Forget food unit of forward child need popular.','Actually everyone remain large government inside. There save others both home class. Cup personal reduce.\nDog quickly thing against individual agency my. Financial section voice car.','Singapore','Chief Executive Officer'),(50,'TL','bryan36','#1YUe#bl2_3+','Remember another single begin state begin option rather. Friend difference force dog investment may issue itself.','Meet instead issue. Can budget next the continue.\nPlace respond tell. City light enough science they amount hundred.','American Samoa','Chief Information Officer'),(51,'MGR','marc99','7(#ZbYHxR+6d','Ability their respond hope this reduce. Long yeah this movement least name. Month operation friend peace.\nSo teach argue strategy. Although visit Congress indicate to require challenge.','Push say more base here science. True unit these behavior. Sense always consumer spend scientist remember financial.','Saint Lucia','Chief Executive Officer'),(52,'ACC','bowersnathan','KF93QSujU)z8','Information first south return plant. Describe current he bad research news.\nDetermine simply nor hear TV. Cut teacher employee reduce whose under.','Put end discussion shake back subject employee student. Fly appear meeting. Seem degree coach good.\nSet account send sister hear spring. Month light environment office course leg society.','Guatemala','Business Development'),(53,'FIN','anthonyperez','zr^cVkOS_#Y4','To dinner job power role no. More provide service less soldier small. Three speech camera eye material ok provide.','Office agreement production north behind kid focus west. Figure particularly party long especially bag kitchen.','Comoros','Marketing'),(54,'MOD','williamsrobin','%e6KOZn*sVRh','Theory crime economy head country moment. Thank idea center myself effort cultural state. Hit west heavy serious.\nWish write black happen. Last born cut them.','According along stand enjoy dog. Firm suddenly reality send Congress thousand source ten. Economic eat live letter.\nWonder population west little civil most. Until view defense.','France','Business Development'),(55,'OPS','michaelcarr',')uh@voqkEQ1D','Others dog sport most democratic yeah coach. High never do between. Avoid vote thousand rich. Property increase with since again action.','Second total treatment enough research laugh especially. Seat language action price draw herself. Analysis top human perhaps general energy hit week.','Kenya','Administrator with full access'),(56,'BD','danielle91','Ss6LDYEiB)Er','Have protect to respond science for. When leader thought moment gun add daughter few. Bank purpose upon director sing action study late.','Agree million election down. Significant form shoulder rise behavior nature chair action.','Zambia','Guest with minimal access'),(57,'GST','pbrown','*RpzeDqrH9Df','Anyone pick speech level heart place some.\nRed middle chair behavior beyond. Ask consider data form marriage doctor former. Since say data particularly.','Under memory between evidence speech. Prevent sort walk information still. Those under middle hour deal level young occur.','Guatemala','Chief Information Officer'),(58,'GST','michael56','gi3SWO5K(9B7','Form name for strong cold partner difficult.','Up full each think gas energy. Day popular start this offer wear contain television.','Mozambique','Quality Assurance Specialist'),(59,'IT','pamelawilliams','_$10CvGZ_sFs','Between national evidence if.\nPart begin miss that federal onto. Early close reach war young population national.','North enjoy five person leader maybe staff. Wide blood rich bag.','Zambia','Customer with view-only access'),(60,'ACC','angelastephens','%3^)eY_dw0SK','Key one involve fill against personal hair tree. Program catch tough. Interesting find word attention end true.','Religious receive pick election particular.\nLater control body spring so water. Despite it seven charge pay.\nTheir husband green usually set trial ago nature. Friend right lose least executive meet.','American Samoa','Accountant'),(61,'GST','sgreen','Pn(IaviBzq6C','Even participant man. Little explain standard side organization. Grow across national range us.\nHeavy again choose site.','Option social ahead that standard sound American.\nLose girl out during nice thing. Maybe argue there begin.','Cuba','Team Leader'),(62,'TL','perryrobert','8RK1SAPg@32d','Gas main to wait feel music.\nTrade eye itself list win reach up. Successful everything almost identify.\nPm couple defense buy wife. Toward plant design.','Wear early enter attorney issue image. Visit bill relationship claim beat situation American.\nDrive push move recently dream. Point control discussion those knowledge.','Bangladesh','Support'),(63,'SUP','huntershane',')kB!NzNhP*v9','Quickly rock dark myself. Especially total coach team crime pay. Fill conference real relate hospital chance camera design.','Which executive organization beat learn public of. Teacher bed his run security finish.\nHospital challenge happy age from group say.','Sao Tome and Principe','Chief Operating Officer'),(64,'EMP','mcdanielmary','_0SZVVufKU*e','Cup contain Republican town seek huge reality. South business job moment institution. President total heart certainly soon service.\nBehind consider huge expert energy. See current per standard.','Care cut would human. Public use military. Large forget may receive phone that pattern someone.\nWell doctor them recognize risk later affect. Physical audience everyone democratic culture just.','Togo','IT Specialist'),(65,'CS','brenda13','!^wLv$2480TE','Dinner allow citizen author science however offer. Four with often likely morning letter attention.','Detail prevent couple wish. Any hit later forget.\nTraditional everybody model political focus. Response service health rate oil measure protect me. Certainly none itself risk.','Turks and Caicos Islands','Chief Operating Officer'),(66,'PM','lewiscameron','be3x@!OL*!j*','Camera threat financial huge fly onto parent. Growth report quickly apply call single.\nNew even officer friend. Full fish everyone certainly until. Public term network win probably.','Expect rather how above special structure turn. Relate natural again our build yes and. Until group lay participant.','Tunisia','Accountant'),(67,'COO','bsweeney','Cci#7RBzdz_F','Long along scene. Pay general beyond vote production. Agree financial big study try there bank wait.','Brother themselves pull country enjoy scientist oil them. Mission half it community.\nNatural question accept poor now according. Reality local lose accept team move if.','Mongolia','Business Development'),(68,'FIN','david23','y5G)S8Y8Vikr','And he cup think firm in. Source human for smile. Four trial value people nation nor always. Because positive describe political sing.','Natural second minute pay stop although. Rise nor foreign response. Wife green plan team.\nConsider such sit face see. Mention be rather now along. Firm industry treatment green little clear.','Antarctica (the territory South of 60 deg S)','Designer'),(69,'EMP','gregory32','!9KYpo4ER0BP','Store she pick six close cover. Itself into kid instead.\nStill break form science. Option try per gun family. Child as second church second professional.','Avoid ready think item the notice section wind. Size age its pretty government kitchen budget end. Any water receive position possible.','Nicaragua','Designer'),(70,'CTO','taylorvictor','W)3uS*Ev%vjF','Technology no father million everyone long once. Black election crime into performance model once different. Rather partner employee through foreign direction.','Happen manage about despite ten read begin. Interview ahead scientist learn take night argue. Kid whether vote to defense explain book. Current little of trade.\nSeem age word simple pull.','Martinique','Customer with view-only access'),(71,'MK','williamskelsey','eUmLXjF4*3Qh','Class spring who offer cultural focus brother. Return affect despite affect street hospital. Movement your keep receive off.\nSimilar miss owner every. Grow collection leader lose evidence.','Six learn itself see magazine accept artist. Continue practice attention test to.','Mozambique','Chief Information Officer'),(72,'OPS','igibson','GR9(Y&6ozWDG','Type military news as interview change. Compare degree difficult break then. Hour bring public cell scientist possible.','Style simple consumer worry ability minute popular. Different sister war card energy else success.','American Samoa','Chief Information Officer'),(73,'MOD','andreahenderson','e^zexKjy!8w$','Full let small central clearly simply. Recently about test keep sing. Nor TV off call establish small protect.\nTraditional good black. Camera determine where. Or remain throughout head.','Eye every though visit. Material tend explain whatever section task style.','Martinique','Sales'),(74,'MGR','justinpratt','*i0F(Lwc08td','Young set ball. Fear by attorney itself anything picture.\nDecision agree a because such. Mean section common end check tax. West success full mind after.','Ten seek sign democratic common. Audience actually leg method rest.\nRock bar however unit improve. Down heavy begin teacher identify ground.\nAgent international country month.','Finland','Chief Financial Officer'),(75,'ENG','robertgonzalez','(_5s%PWcAfNK','Go statement generation sport. Buy thought fire population soldier describe word.\nThing above plan risk bill. History staff some account itself. Compare oil responsibility.','Before Democrat six large also expert space. Check high dream young. Reflect either candidate peace figure.','Sudan','Marketing'),(76,'HR','thompsonbrian','u1jhGwAQ#p!&','Within imagine stock morning I note tend score. Option enough same chance if coach area.\nThe green century what. Law together early guess.','Attention cold see board majority notice fire. Energy eight store history challenge receive. Break state data easy court. Of Mr civil general upon.','Wallis and Futuna','Employee with basic access'),(77,'BD','ebrooks','eTa^*(btx5$J','Edge middle professor list new fill none choose. Upon name allow suffer.','Enough beat research serious one a. Memory however do identify.\nOther official situation final control store official major. Write time dream. Hand newspaper well pressure put work.','Turks and Caicos Islands','Project Manager'),(78,'OPS','phillipslisa','S94+vaLb%KcX','Report area billion central. With store food pressure behind make fund. Continue social but ahead measure may everything. Position like recognize become believe.','Reach owner word. Important subject kind room.\nParticular feeling act affect strategy evidence. Agent weight concern think. Would movie fill story he cover. Election eye day future when top.','American Samoa','Accountant'),(79,'MOD','hthompson','+#E*eOoNk7hZ','Break medical not. Ago whatever begin team.','The water travel church control. Sense tell medical determine partner set suffer.\nBy medical whether score data event market. Win others likely how. Know admit state at statement expert firm less.','Comoros','Chief Operating Officer'),(80,'EMP','alyssamartin','9Go+yZJb^d@D','Daughter center difficult sometimes plan. Wear remain too all. Process I take alone realize create.\nShould main central me environmental article. Range black while gas by government east.','Expert never view street. Economic note worry two into town husband. Oil recently whom also.\nCollege arrive indicate our benefit environmental recently. Likely author wear.','Liechtenstein','IT Specialist'),(81,'TL','levinerandy','CkVPI0hxc(3q','With happy big environment person development himself. Watch also man indicate. Increase movie nothing outside. Which dog exist produce painting.','Trip memory American. Part during south rate.\nThreat one discover early determine. Collection financial believe decide least usually. Close whatever radio subject serve voice. Glass let individual.','Barbados','Chief Operating Officer'),(82,'HR','qlopez','X3Qs@m6@)^CE','Again bed life environment single federal. Democrat mouth send.\nFoot water state young time trip wish. People generation food interest second.','Federal sense owner outside themselves know. Notice unit serious health.\nModern product building face act.\nWhen must agreement risk.','Turks and Caicos Islands','Developer'),(83,'DES','shannoncooper','+#(v0CfMwl&W','Interest his nice to month understand. Less future administration mean Congress. Bank run participant activity stop.','Relate growth yourself experience nature share stand. Type pattern win cut enjoy close. Attorney one floor animal particularly news score.','Bangladesh','Marketing'),(84,'CFO','russellveronica','Z2IJMog5!7cZ','Admit popular determine grow number support. Section drop president green lead house think.\nSay win letter production daughter general set. Indicate expert chance professor your lawyer.','Well their development thousand dark interesting. Her hospital since society.\nTen could technology second. Child economic dark star should. These green marriage local better subject could everybody.','Turks and Caicos Islands','Human Resources'),(85,'FIN','lisa54','XVAWqRdyO^C1','Herself speech moment ok hair. Recent step against large tonight talk. Capital image similar dog design different.','Condition threat majority claim hand traditional sell. Dog hair news catch garden ask another prepare. Government manager its study for foot everything.','Guatemala','Project Manager'),(86,'CS','kellytammy','qv#o9Pm%Gg%9','Forward skin TV also. Become seven others whole agent cell attorney.\nPull individual well series yes me husband. Hundred send good relationship watch with appear.','Away drive town once. Position show mouth TV exactly exactly movement.\nMethod get accept lawyer parent east. Raise degree situation real take space various.','United Kingdom','Quality Assurance Specialist'),(87,'ADM','robertreeves','^!Is!jELd0GP','About enough technology go. Be air commercial professional. Politics system than anyone reveal.\nIndividual take friend skin discussion say. Member some entire up bag environmental more serve.','Must few more great economy. Task short black step dinner if. Certain see successful name each.','Suriname','Chief Executive Officer'),(88,'CTO','steven02','1A58va6gv*OX','Station too attorney them stop. Suggest water gas until society lead pretty relationship. Instead green size thus person later.','Return she contain almost. Show statement type themselves laugh land reduce. Style go health successful but.\nRock help say huge health capital reality. Grow make loss company must.','French Guiana','User'),(89,'HR','carpenterlaura','eLdp*YjsX)U5','Above try draw fly fact official part. Specific but value seven.','Thousand say fine sort machine easy yeah.\nCommercial assume industry. Land sometimes project wait practice kitchen person. Few difference different house even treat fear.','Germany','Team Leader'),(90,'CIO','cynthiahendrix','3A4rtS0oi6*2','South man than especially whom. Fund people partner its. Because including table. Consumer particularly concern bring just situation tonight.','Four he sea full. Organization magazine foot wide cause.\nGirl measure father appear nearly operation guess. Kitchen minute raise kitchen many.\nThem consumer yard could we. My world first Democrat.','Martinique','Project Manager'),(91,'BD','yodom','r99LIXld!Hvj','Size charge to computer fight. Moment light stuff on return difficult their window.\nCertainly economic civil white feeling your. Base none skill.','When none term make certainly party whose spring. Hundred magazine century character memory black.\nMouth phone fact west. Bar wonder team ever choice region Republican foot.','French Guiana','Developer'),(92,'CFO','john38','B!h6G%ktt+v7','Statement mean rule training.\nThem season wonder federal true age generation. Rule employee factor Republican none.\nLaugh main stage center color. Professor method shoulder pretty.','West office discussion exactly. Management result like blue as support edge.\nMore choose animal sister purpose new. Throw available order newspaper right blood with.','Sudan','Guest with minimal access'),(93,'IT','ssmith',')0N+5i@ez@iM','Direction election phone. Foreign sure budget professional especially style generation. Small seat million figure. Let point represent pay expert economic minute.','Support itself food should it. Low dog main share how other picture.','French Guiana','Chief Information Officer'),(94,'MGR','paula50','soL7WTjMA&vu','Yes suffer never by case evening either six. Garden can candidate because glass shake three.','Information environmental performance we so consider cultural. Fight what green send within. Guess stand anything member base.\nSimilar argue financial explain me visit new onto.','Japan','Support'),(95,'CIO','andersentravis','We)zHKLc*P0)','Rest health so nice nice. Save some sport benefit. Night town either one.\nFor lot full material own society. Hour director small country minute no seven. Treat upon growth likely factor best across.','Station sort body. World miss resource always charge cut it stay. Star mission board yeah war next.\nOld trade under around whatever west these policy. Base assume hotel society.','Bermuda','Chief Technology Officer'),(96,'CS','uortega','_8c8Nxg1c1_7','Others dog though. Question have report a movie me wide. Ten herself with.\nLarge want field environmental class daughter. Successful teach kind anything open care though.','Security let seven service. Court follow staff country their.\nWant resource can old.\nSuddenly already itself always beyond mind. Good ready race field.','Paraguay','Accountant'),(97,'DEV','ywoodward','(9fsoMRfCd8y','Expert form true production. Walk show prepare style hospital. Maintain identify morning direction where.','Race interest thank front. Reduce gas have. Product usually assume major.\nPresent when energy wear career. Thought soldier ask.','Chile','Employee with basic access'),(98,'CEO','nicole00','qu@8JDhzotgN','Although responsibility shoulder those director section keep. Strong spring blood easy wear gas family.','Policy sit itself major offer force value policy. Treatment natural operation lay.\nSuddenly him claim five someone off possible. Go paper ago style.','Kenya','Quality Assurance Specialist'),(99,'TL','raymondguzman','%o8+$IOy9b(H','Go such still finally light. Send market heavy career various argue. Main alone they half.\nThat season individual score trade person. Arm get would name. Level day law example this.','Leg protect situation inside ten so rather. Against including example better edge side. Expect your remember ball part next check food. Human term whose three.','Liechtenstein','Engineer'),(100,'MK','brooke80','g4!id(L5)xUO','Know country key age argue position.\nSay too four concern. Loss pay direction cut experience. World own who police.\nComputer area work environmental. Anyone hair also thing less media agency.','Blue suddenly with son card contain. North economy everything source turn election her. Low child ball house rock.','Togo','Chief Technology Officer'),(101,'MOD','stokessusan','&l86Lv9h$1xd','Central stuff head sea smile put. Couple mouth actually civil.\nRole entire far baby imagine also. Word agreement many become travel debate.','Partner relate interesting foot. So possible history environmental remain office better.\nSpend get entire yeah wait. Plant discover since deep worker however. Alone very coach.','Botswana','Team Leader'),(102,'CTO','xpruitt','c@_EU9*tC+F6','Little former once manage attorney.\nBlood probably half message environment fish information soldier. Necessary evidence computer. Point card investment.','Great middle keep marriage drive we. Place issue boy provide fly.\nWeight case glass year another establish. Care artist even determine allow. Nor chance sure second.','Moldova','Accountant'),(103,'SA','bobby16','zjcQcBNE_2ou','Line training here.\nAny argue election item last. Activity improve even never staff. Argue economy station everybody visit brother.','Including surface lose too billion site provide fire. Drive today likely whether. Public major rule president realize interview imagine.','Botswana','Chief Operating Officer'),(104,'MGR','cantukent','@)Jat$#IQV18','Although method develop hit bank student. Animal finish turn budget single difficult.\nYour enter military across respond. Fill national my quickly economic any. Southern make must might from.','Impact common some themselves small loss. Home talk herself mention across. Involve set hit care.\nDegree mention majority. Especially maybe you say. Threat reflect total sound.\nTrue wait bar.','Mexico','Employee with basic access'),(105,'CS','mitchell05','3x35Vhnb@C&V','Continue time lay short new allow. No north tend sometimes ten realize visit national. Book nation family sign section politics.\nWide positive medical yes. Special fact agreement several.','Than glass order. Family friend Mr price generation.\nSure economy recent. Outside ball indicate own skin three lead. Culture doctor box consider describe represent.','Cyprus','Employee with basic access'),(106,'ACC','wendymiller','+&1ChLYq4MUf','Move effect little value. Itself same own least. True fire place hope so.\nCarry hit red partner admit government head deal. Remain amount with individual none happen break.','Different question environmental white candidate during learn. Where best loss security move.\nName free discussion air any task material wear. Attorney beyond respond.','Mexico','Employee with basic access'),(107,'TL','karenjohnson','qYA@rZ0+M44j','Member book else a measure major. Accept section mean explain throughout.\nWatch father feel wife. They want where from sometimes. Director yourself part responsibility.','Point nearly require majority walk street early. Raise someone defense.\nPhone pretty American smile. Across culture I few. Lose Mrs allow option. Around serve decision significant southern.','Madagascar','Accountant'),(108,'CTO','ahatfield','N*sXEhFgu$&3','Lay today admit southern. Same adult defense a plan.\nHour activity true customer example three carry chair. Tell tonight west quite company.\nHere ask record.','Feeling push big. Base plant read nice.','Montenegro','Human Resources'),(109,'CST','cfernandez','y@uN#)PiR$2C','Put career ask decade dog method near. Lay within service sing. Nothing him turn series left occur stand.','Visit finally simply together thank up. Great at hot professional environmental important old.','Tuvalu','Guest with minimal access'),(110,'MGR','amyspence','C6dgjQ5R!EN$','Like however realize traditional shake school development describe. Best poor base fast blue idea. National hundred little method in usually.','Mr leg board real who do well bad.\nAmerican prepare improve machine car dog. Force of down rise. Food property other already true.','Togo','Engineer'),(111,'CS','srobertson','#7Cf$lSxFJRH','Score how little far image song fish country. Instead education car.\nDecision phone box under over development. Small while too make.','Since trouble itself provide. Same career list myself Democrat dark.\nView subject range environment anything meeting. Song rise get street drug concern same. Wife type them artist eight.','French Guiana','Customer with view-only access'),(112,'OPS','beverly01','!)hRz5Eq+OIL','Campaign charge her tell south article affect.\nCommercial great old help three. Structure check human new ground property. Laugh bring speak turn new.','Tend more fly a debate. Travel song follow. Security hospital since poor service. Point a while small set stock road.\nAhead tax system fly network million. Catch local less once wrong list.','Kenya','Guest with minimal access'),(113,'HR','hernandezcathy','d*56THndU4qm','Subject appear president. Right every professor table.\nExpect guy agent job late but myself laugh. Mean read thing answer.','Though leader poor next great. Here station western environmental wrong cup outside. Into security current always tend government it. Arm type seven site suddenly ever.','Heard Island and McDonald Islands','Chief Operating Officer'),(114,'ACC','leslie89','_LE2c#6a#8Sj','Seem coach Mr bit out field feeling. Anyone their development participant floor perform leave wall. Music continue Mrs response.','Conference a size business name treatment. Bring cost father line war as. Government shake thousand shoulder most provide. Study computer total property.\nUpon certainly weight.','United States Virgin Islands','User'),(115,'TL','bbenitez','Y*lZKes#156u','Above gas difference about success fear score. Behind Mrs baby my laugh health.\nTelevision listen bar. Enter modern stage baby always major spend by.','Few expert including however water forget per.\nStar various beautiful skin. Firm PM together who forward.\nKitchen theory our decision mission culture company car.','India','Human Resources'),(116,'USR','uboyer','nW5TPNa5_VhR','Seat evidence enjoy. Ok couple later clearly. His real pass young water.\nHand kitchen paper its. World happen attorney just. Today walk tell democratic operation.','Clear people student make apply animal. Involve claim describe man how between.\nTheir want camera appear. Three reality discover energy young successful say.','Liberia','Quality Assurance Specialist'),(117,'ADM','willisandrea','L*4Go4GvjZ!o','Protect moment animal several data region well. Stock reflect end boy act.\nEffect just act almost. Physical group recognize site from network. Decade get to alone key.','Parent raise doctor quickly tree. Goal home tell break. Anything research after always how memory should difference.','United States Minor Outlying Islands','Developer'),(118,'TL','kweaver','o0VKNmG9!c*0','Kitchen three tell. Blood change whose school late song very.\nPossible economic government behavior onto. Thank day notice look senior real.','Now father break send any. Street team walk wall area right available will. Imagine serve force purpose task.\nFoot short ever maybe. Month take store same.','British Indian Ocean Territory (Chagos Archipelago)','Project Manager'),(119,'CFO','uleonard','_Tg9xlheT8S1','Discuss street hold agent effect present what. Great range choose green system stop. Thousand clear everybody want project.','Ever nothing two. Card put act huge.\nWhich black consumer appear. Color deal say law education television.','Cuba','Chief Executive Officer'),(120,'DEV','kristen06','z)tGi580GR3w','Sit involve community father environmental democratic race.','Attack list coach century need through finally until.\nAt inside of live pretty else into. Lose crime understand game learn hold.','Australia','Customer with view-only access'),(121,'CFO','kristinasimmons','sF#DSmclwT8K','Senior wrong what begin society decide mission. Sound bank war machine risk condition. Also tend century quality half.','Explain pass product treatment affect. Religious Democrat hit value radio.','British Indian Ocean Territory (Chagos Archipelago)','Finance'),(122,'IT','cstephens','#uH2Kcba*P84','Agency class miss system themselves forget outside any. Whether six interesting need similar sell. Truth president language their high course. International who of pretty beyond tend.','Stop never former administration. State arm say couple. Own sea process message key consumer.\nVote green environmental sister east. Design technology area shoulder white. Late only significant hour.','American Samoa','Administrator with full access'),(123,'EMP','jasonterry','7S2WL82h#rRL','Nearly that risk performance party high none break.\nProduct when range heart cut fill modern. Anyone happen knowledge wife politics trial.','Which hard daughter western maintain.\nDoctor walk subject argue create modern either. Great customer chance beyond staff computer audience available. Later however newspaper who rather next.','Bahrain','Employee with basic access'),(124,'CFO','danielwilliams','Dj8MLgM!(t+O','Program resource health your man.\nSmall PM real mouth inside. Civil example protect. Set purpose minute game visit across student drive.','Race business dog sort east. Site agree high know. Ahead interview down short option final player east.\nLeader high deep or. Miss like picture friend use. Can begin sound born little well activity.','Wallis and Futuna','User'),(125,'CS','lawrencepeggy','k+k4BcY+J7F!','Ball decision first address read style. Bed dark national memory morning commercial.\nSure fill house small. Rise center even senior commercial about environmental.','Create development somebody event tonight. Right drop game after management range perform. Most wrong child.','Bahrain','IT Specialist'),(126,'MOD','perezmelinda','9$(0M+ov*Uj!','Decade institution bad best soon respond week. Process several subject little crime operation southern instead.','Lose organization positive perform three evening. Public fight last cost member. Human too stay.','Reunion','Administrator with full access'),(127,'BD','michaelmartin','%5fgrtfts3Gh','Require less accept ten. Nature those culture thought question stay shake. Simply program agent society learn structure firm.','Management necessary organization both close. Book report garden serve future.\nShe listen admit low figure civil. Company natural yeah team watch defense sort. Economic reason gun.','Sudan','Chief Executive Officer'),(128,'EMP','martinamber','!354$7sqtOVI','Structure current message of beat employee. Recognize social husband fear total main bring.\nPower various several laugh wish second. Travel skill culture animal. Seem team itself despite hour window.','Against return just. Water serve trip design.\nAssume own responsibility fill. Single apply play personal happen.','Netherlands','Designer'),(129,'IT','jtaylor','2k9Qf*BNo)5D','In writer paper maintain. Region southern itself big recognize government serious them. Prove sort human opportunity.','Since apply minute skill sometimes name all. Sure dinner hard care drive authority however.\nWell easy something. Over tend who film range leader recently.','Suriname','Developer'),(130,'CIO','leah78','#9t2Cjf9#MLT','View read growth well operation. Deep table generation third season. Another none hotel later.','Treat radio whole commercial may real. Impact shake scene blood reflect example mean.\nDecide senior inside total foot outside. Site that however must model design dark.','Japan','Team Leader'),(131,'CFO','rossjay','$h8S)9yvV2AK','Risk return story determine soldier individual through trial. People necessary represent yeah. Teach range hand work discover.\nMarket receive sometimes cost. Thus much become realize.','Significant leader hold the. Who window air mouth outside cell six benefit.\nFoot ago game. Call open clear million admit trial individual.','Netherlands Antilles','Accountant'),(132,'BD','gonzalezkaren','$o48Nogp%iuH','Agency ball happen foreign raise total national. Gas some avoid use grow perhaps none. Likely story today manage.','Sport generation should.\nWe ball old media reflect piece step face. Behavior north behind society computer them. Mean soon gun goal.','American Samoa','Manager with limited access'),(133,'CST','ilane',')931EjGehE6T','Our pass dream participant account loss sort air. Spring fight project action finish hour establish man.','Including special nature condition issue whether. Interest a other. Recently six draw share left.','Heard Island and McDonald Islands','Chief Financial Officer'),(134,'COO','qholmes','M0J7X#7$%ncw','Outside themselves note allow. Oil inside us memory marriage want two as. School guess age available sometimes.','Appear Republican phone over walk product camera. Evening tell recognize notice certain wrong. Much term before third reflect institution you.','Switzerland','User'),(135,'CFO','alvaradokevin','0xX7Wo)v2AI+','Environmental north focus away rule chair card. Against audience next. Far surface chair fast child wall wide.\nSimple produce security free simple ready gas. View idea dog south. Back again bar very.','Head upon indeed. Experience son three hold.\nSend significant physical team wife. Statement soldier for sing none under pressure.','Equatorial Guinea','Chief Operating Officer'),(136,'MK','johnsonjennifer','@4AMgsI_TA3X','A foot election spring board. Against hand receive bring manage campaign traditional.\nWant arrive anyone fear hold. Character street cover turn. Soon happy point wife individual without.','Body move leader subject them soldier meet. Five rich win total detail there.\nWait its perhaps create visit artist house. Major grow policy month push.\nPretty system dog local. Lot drug just face.','Bahrain','Chief Financial Officer'),(137,'EMP','jessica67','c^F*AUCl(N7V','Bank ability television start. Everybody possible design billion.\nPrevent morning discussion executive. Them agency board end defense ten until tonight.','Occur shake leader probably include. Perform staff person free save ball. Travel job director unit laugh before series.','Cuba','Customer with view-only access'),(138,'DEV','alexandraperez','dNTRDLhl+4)Q','Ok pattern another low. Floor better simply send administration.\nThey others despite kitchen. Bill chair stay relate. Song system third democratic station increase.','There democratic low window such very than.\nRun pretty evidence next director worker run. Camera without recent much.\nUse challenge fear avoid report amount right. Perform lay bill simple career.','Mauritius','Manager with limited access'),(139,'ACC','christine84','$PZ5J*r3x5@^','Blue program certain fast likely hundred cover. Walk game writer any reach. Manage true number feel. Hear effect meet clearly.\nWe natural reason should. Give ready second guess agreement put.','Debate cover figure seat. Person government foot.\nCountry see head less if.\nWhile mean hour eye word much. Imagine doctor dark million officer account off.','Kenya','Chief Information Officer'),(140,'SA','rodneycantu','d39XfO&u_#Oa','Firm home join analysis enter. Financial fight day return accept ground. He reality expert way.\nShow close one yard administration any eye painting.','Citizen well win.\nForce water military car garden scene. Herself behavior speak after reality.\nLight management player something usually. Move tend figure avoid article rate three argue.','Togo','Chief Information Officer'),(141,'EMP','hernandezmichael','s3lwfgkr&BX2','Father new store heavy. Plan peace mission improve lose wife hit. Summer beyond wonder hold model next actually.\nUnit clear will dream ahead picture watch. Provide economic fast who receive decide.','Good continue agent popular. Us here field add only actually resource. Not dream act court your. Smile arrive best seven.\nCup choice upon within future fish.','Mexico','Chief Information Officer'),(142,'CEO','kurtruiz','_M4ENYDlB2F7','Agreement son parent out baby believe similar. Road building wonder.\nRed vote new wall. Dog hard realize response maintain one. Serious defense both lawyer common.','Final happy minute spend face. Catch way former interesting.\nWhite middle help east. Build if head spend add market individual.','Australia','Quality Assurance Specialist'),(143,'ADM','christopher70','M#6B8mdyBW0w','Policy large economy mean source. International fly red drive little risk. Else own worker physical.','Feeling thousand help four husband second. Window student every impact. Writer improve half eat seek lawyer agent.','Kuwait','Support'),(144,'SUP','yhiggins','^k5&cDa5+6FA','Service central vote avoid project same. His region listen college.\nAccording executive smile. Than agency four prove experience enough this. Task hope garden should decade choose capital.','Quality idea more with arrive. Similar wish end among prevent.\nAbility bag indeed some entire soldier. Offer down spend discover fill notice. Control say wrong no society door.','Grenada','Chief Financial Officer'),(145,'MGR','acarlson','u6Jz@hN@*dS!','Build class buy wonder. Decision fall red here.\nMean professional you safe company process year.\nArea identify shake receive return year. Simply watch subject ok down.','Religious check member song smile. Summer wonder perhaps candidate. Central claim machine its east job anything.','Kenya','Customer with view-only access'),(146,'ADM','icarroll','5c7eNDyVU&td','Whether possible hope woman kind. Fish although product and during weight.','Speak so store least. Wear safe government option green nearly.\nEffort while fight yard film.\nGoal effort manager test break thus research. Industry range her music trial try prepare thousand.','Martinique','Project Manager'),(147,'MOD','erin18','aee%5kSkY+VU','Five really whatever put audience. Pretty nature me film almost. Well pass tax well.\nConcern heavy forget dinner bad. Add up understand.','Pattern bar wait truth listen voice. Onto poor close town officer instead easy boy. Wear strong person image heart interview.','Liechtenstein','Chief Financial Officer'),(148,'PM','fcalderon','(&ZSPCg_#3x#','Important tend business everybody leader. Available stop back stock risk three to food. First sea sing ground order.','Able media treat sea bill cultural pretty. Treat hard bad president also environmental every. Left red prepare tax vote piece term.','American Samoa','Engineer'),(149,'BD','ltaylor','0_GbcPYsb@2L','Personal to trial resource. Individual our street they tend something specific mind. Different whole case after.\nTheory kid spring.\nLoss time whose third suffer form. May stock training sister.','Bill hotel after soldier. Stand report citizen generation building feeling pass dark.\nStudent social provide product make service. Suffer data sort art heavy.','Mozambique','Marketing'),(150,'PM','dmoore','Hs9!8!DtDzWR','Difficult because star crime Republican present may. Avoid democratic yard career. Term herself admit there window.','Recently trouble team laugh enter act our. Class partner information break collection. Yes yet exactly find modern.','French Guiana','Quality Assurance Specialist'),(151,'SUP','hardinbetty','g+k+FfVgqH1y','Development throw voice six trouble. Continue understand arrive.\nMemory yet movement political rock. Listen region check report. Him view sing important response.','Large into toward eight especially miss man identify. Mr life foreign drive cut commercial.\nPossible professor offer follow. Never market change discuss section moment him international.','American Samoa','Guest with minimal access'),(152,'OPS','vandersen','O+9z1S7%@hF6','Process lead house capital foreign. Born former shoulder general step idea I.','Increase you conference last two picture front.\nCould understand person police avoid happen risk since. Possible serve usually crime.','Switzerland','Engineer'),(153,'ACC','diana09','Z(0ZJ$oqiQ8Q','Role summer line goal rich list. Day this though enjoy total.\nStyle realize wind account. Light late leader.\nPosition card become sing hold. News change far as travel plan protect.','Owner else increase enjoy decide career join. Piece north well right.','Grenada','Accountant'),(154,'CST','pittsjeffrey','^68X8f0VTtJ0','Best field production interview commercial. Much his company over turn though meet. Few scene mention radio.','Any discover pretty commercial yet Republican. Lay money fly respond agree reality personal. Spend old one dream training.\nLearn stop leader. Himself task subject human sometimes whom pretty.','New Zealand','Quality Assurance Specialist'),(155,'HR','robert68','ro5dDMpf$$A5','Win ever table force paper. Not front within fish cultural police. Early true according compare. Before not toward last.','American total like mouth eight appear behavior. Around culture life century attention.\nPage concern figure significant. The different ready. Fund your within old really.','Sudan','Engineer'),(156,'ADM','lisa49','&57fUrE^oaP8','Various floor until whom. Design live wall star old whom late president. Seem money own home old deep allow.','Successful professional cover particular show. Western international so.\nParty response whom happy rest. Head case wide card. Cover until section behavior force success building.','Czech Republic','Engineer'),(157,'IT','patricialee','rWj!NNb1!M7T','Identify season what radio lay speech person. Teach likely admit. Guy fill down catch.\nAbout cost live scene former former one course. Strategy evidence respond can main ahead cup.','Color five this practice. List mission seat. Mouth dog common capital huge.','Spain','Designer'),(158,'FIN','leonardtammy','$A14PVo*ndh7','Each mention camera call car church others. Style again prepare for training course. Hot who form do address.\nThem knowledge year. Enough ten of turn. Challenge power song lot smile about.','Perform possible get. Doctor personal upon account according still. Brother notice middle continue probably.','Antarctica (the territory South of 60 deg S)','Sales'),(159,'MGR','cfriedman','&%R0Cpevh3!K','Behavior talk lawyer.\nFamily least radio eye send. Trade recently every over.\nEducation protect kind national. Fast maintain ago today. Good hundred miss seven.\nLight pattern enter quality.','So public time final set finish quality. Grow world area rate author.\nLess process him really I as skin. Night how control who allow.','Netherlands Antilles','Team Leader'),(160,'CIO','icastro',')8FcM049#f#2','Very beat daughter run. Necessary tough compare city. Fall race religious energy draw.\nOil capital owner attack. Last eight pretty too employee.','Mr seat project building would positive. Material serious second certainly tonight report movie health.','French Guiana','Marketing'),(161,'CS','rmccullough','c$y8sLd($J1D','Watch send speak. Night together beat night western who.\nLine else job foot. Teacher where single reflect money bar water.','Like theory section oil. Interesting about lot huge space. Effect term life east daughter defense.\nMan mission own beat his ok. Up know my organization his.','Mozambique','IT Specialist'),(162,'ENG','rlopez','0+3#cf)sRXBA','Relationship head factor political read during forget. Black apply movement. Throughout north institution show sport.\nThrow nature event performance claim. Tax capital blood face ahead summer.','Tv end not. Agent year think company chance well. Development full PM couple.','Madagascar','Support'),(163,'MOD','riosanna','32lczhus(z9K','Today vote ball listen church. Program push yard among role us.\nAmong whom range serve grow live. Glass personal across ten.','Large fund hear southern order.\nGun kind just listen. Agreement reduce child always feel.\nHalf bar move add have us recent. Whom walk usually by anything long.','Kuwait','Support'),(164,'SUP','chelsea70','E3l)m(4XcsZE','Woman happy skill. Become modern show ask anyone trial read garden.\nPopulation spend factor late over letter case. Nor step significant small would total senior. Fall trial on maintain after minute.','Low cover no notice. Month read organization television. Military spring high whose live.\nMuch finish mission in sea would. Well since result field cover us strategy.','Tunisia','Quality Assurance Specialist'),(165,'BD','stevejohnson','1m1rxmma%BNM','Pass organization level indeed trip. Relationship recent year actually look than.\nPerformance bad you service. Great we large staff.\nTough college speak charge. Pass cut my.','This similar indicate production shake training but. Respond debate five analysis evidence whole fire.\nDesign fast remember culture late by environment. Before future eight cover.','Reunion','Guest with minimal access'),(166,'FIN','tannertaylor','iI(%5wZfD^3*','Second term major force check be enjoy compare. Cover every interview require leave. Change police get land manage.\nView approach perform against listen.','Line subject mean five there mother. Picture husband raise quickly. Include big exactly project star.\nWhat most position ever. Social run itself factor recent single produce. Employee half allow.','Montenegro','Project Manager'),(167,'GST','eric96','2l0Q8GjS*cft','Establish all those including. Pull artist wall big teach idea.\nTravel around performance. Data work family large.\nAgree beautiful fast read sister allow.','Level past ask during. Business music pattern since box across world. Red walk certain computer else way level.','Luxembourg','Finance'),(168,'ACC','lanebrian','!Y8ejvTzfrj0','New toward dog behind including while. Middle by support answer defense large.\nFear military employee loss. Soon perhaps care product police. Response camera road history.','Job degree admit move exactly of accept. Attention big available. Little college enough lawyer.\nLow line drug. Program final couple research son. Performance face something draw to.','Nicaragua','Business Development'),(169,'TL','turnersuzanne','_*2(jMxh(SLQ','Whether social food fine alone. Section probably organization animal red worker.\nStrong certainly while feeling place. Here only bad break red.','Program better positive life create. Us just well. Center lead effect heart political. Answer road decade political purpose.','Sao Tome and Principe','Finance'),(170,'COO','pmorales','_l*gD9Ei+pIk','Really level quickly. Model safe series herself best former. His whatever agreement risk word million also entire.\nNote form same hour alone will.','Hand edge social of guy character this everybody. Yet walk marriage receive discuss mouth.\nWithout hot produce arm institution land. Concern result job pull. Risk they season office enter.','Sudan','Chief Financial Officer'),(171,'ACC','perezdawn','733Beaxgk@vH','Kid another song drop. Job quality move wife town. Threat effect example piece fish special trouble.','Husband sound southern several century. Sure need when should. Group forward military including check.\nProbably wear rich beyond thank. Ground particularly want produce several benefit.','India','Chief Financial Officer'),(172,'CTO','fordrobert','I1*ynVzkH0I$','Positive sport staff be out sing there. Trouble near possible cold major.\nThey table amount film single cut. Age guy government be for glass. Turn idea help agent group college.','Program feel affect whatever long peace daughter. Yourself across coach manage.','United States Minor Outlying Islands','Business Development'),(173,'DAT','Drew3','Password3','new details kay drew','new other details kay derew','Ph','Data Analyst'),(174,'CS','alexandergill','0^6Bx1BbGLe$','Brother central direction study. Stock strong officer for smile.\nCommon name itself. Improve other let people fact research probably. About spend might defense picture follow page.','International hour activity husband. Mention rock Democrat wrong.\nMillion born player. Process at recent news bag wind challenge.','Palau','Designer'),(175,'MK','cynthiamalone','g1&MCt(m_^w(','Three community ask new wrong economy positive. Fight too opportunity month president writer total.\nInside really eat feeling seem market travel. Some sell child occur talk fire.','Newspaper address human set. Majority career firm.\nFew base left foreign edge future majority light.\nOwn phone arm view product. Star series dinner story office. Growth area decide there data car.','Japan','Support'),(177,'ACC','DrewWakefied','Adodanieljego123','Some details about Drew','Additional info','United States','User'),(178,NULL,'jhonedrew123','password123','Jhone is a system administrator with 10 years of experience.','Loves coffee and reading tech blogs.','United States',NULL),(180,'ad','Drew2','password123','Some personal details','Other personal details','USA','Manager Role');
/*!40000 ALTER TABLE `people` ENABLE KEYS */;
UNLOCK TABLES;

--
-- Table structure for table `permission_levels`
--

DROP TABLE IF EXISTS `permission_levels`;
/*!40101 SET @saved_cs_client     = @@character_set_client */;
/*!50503 SET character_set_client = utf8mb4 */;
CREATE TABLE `permission_levels` (
  `Permission_Level_Code` char(3) NOT NULL,
  `Permission_Level_Description` varchar(100) NOT NULL,
  PRIMARY KEY (`Permission_Level_Code`)
) ENGINE=InnoDB DEFAULT CHARSET=utf8mb4 COLLATE=utf8mb4_0900_ai_ci;
/*!40101 SET character_set_client = @saved_cs_client */;

--
-- Dumping data for table `permission_levels`
--

LOCK TABLES `permission_levels` WRITE;
/*!40000 ALTER TABLE `permission_levels` DISABLE KEYS */;
INSERT INTO `permission_levels` VALUES ('ACC','Accountant'),('ADM','Administrator with full access'),('BD','Business Development'),('CEO','Chief Executive Officer'),('CFO','Chief Financial Officer'),('CIO','Chief Information Officer'),('COO','Chief Operating Officer'),('CS','Customer Service'),('CST','Customer with view-only access'),('CTO','Chief Technology Officer'),('DAT','Data analyst'),('DES','Designer'),('DEV','Developer'),('EMP','Employee with basic access'),('ENG','Engineer'),('FIN','Finance'),('GST','Guest with minimal access'),('HR','Human Resources'),('IT','IT Specialist'),('MGR','Manager with limited access'),('MK','Marketing'),('MOD','Moderator'),('OPS','Operations'),('PM','Project Manager'),('QAS','Quality Assurance Specialist'),('SA','Sales'),('SUP','Support'),('TL','Team Leader'),('USR','User');
/*!40000 ALTER TABLE `permission_levels` ENABLE KEYS */;
UNLOCK TABLES;
/*!40103 SET TIME_ZONE=@OLD_TIME_ZONE */;

/*!40101 SET SQL_MODE=@OLD_SQL_MODE */;
/*!40014 SET FOREIGN_KEY_CHECKS=@OLD_FOREIGN_KEY_CHECKS */;
/*!40014 SET UNIQUE_CHECKS=@OLD_UNIQUE_CHECKS */;
/*!40101 SET CHARACTER_SET_CLIENT=@OLD_CHARACTER_SET_CLIENT */;
/*!40101 SET CHARACTER_SET_RESULTS=@OLD_CHARACTER_SET_RESULTS */;
/*!40101 SET COLLATION_CONNECTION=@OLD_COLLATION_CONNECTION */;
/*!40111 SET SQL_NOTES=@OLD_SQL_NOTES */;

-- Dump completed on 2024-12-16 18:41:12
